participant,brochure_id,age,gender,reason,reaction_time,gaze_x,gaze_y
SYN_000,1,20,Female,familiarity,7.512762890486579,0.33007472880948435,-0.04192408585126568
SYN_000,2,20,Female,price,2.229935356546774,-0.008588844395822526,-0.0007104848325987512
SYN_000,3,20,Female,price,2.619605748026251,-0.30928309728317893,-0.055206616569385206
SYN_000,4,20,Female,brand,1.5005365802182917,-0.3096817941372126,-0.05682679357531961
SYN_000,5,20,Female,brand,19.493215458887132,0.4021731217199649,0.047428439110921074
SYN_001,1,22,male,familiarity,3.61976036410513,-0.24312780261883896,-0.06118985392374919
SYN_001,2,22,male,brand,2.512637139631385,-0.21598866351999274,-0.07034997991863587
SYN_001,3,22,male,price,11.089958798988064,-0.2651023001486443,-0.07243304919785457
SYN_001,4,22,male,familiarity,5.340045274421984,-0.8178701466519638,-0.0705432980041523
SYN_001,5,22,male,familiarity,1.3524438351855053,0.5054786704213514,0.0042394435834778
SYN_002,1,20,female,familiarity,5.16745272025467,-0.2808926363368807,-0.04409701343267738
SYN_002,2,20,female,brand,10.273973157382056,-0.019674520470613105,-0.027299605518373363
SYN_002,3,20,female,price,1.7897174110630756,0.1431592985797961,0.032996259217821323
SYN_002,4,20,female,familiarity,8.09175358475707,-0.22359716753347048,0.04303648006752004
SYN_002,5,20,female,brand,7.573856398840586,0.14582240349018666,-0.021205688896550234
SYN_003,1,21,Female,Price,6.667177926096354,0.09824102289153186,0.048173116481791366
SYN_003,2,21,Female,brand,12.876195824537387,0.022671999964779033,0.008893567577019586
SYN_003,3,21,Female,price,3.5407444936102075,-0.17928542342476667,-0.04572786382947848
SYN_003,4,21,Female,brand,5.6890434009928965,-0.693031642806062,0.031252030546299554
SYN_003,5,21,Female,brand,6.998596147412807,-0.00789714507182232,0.05247280682910793
SYN_004,1,26,female,brand,9.89185209323483,-0.5375066897977714,0.031545914383556466
SYN_004,2,26,female,brand,1.8739577897805983,-0.08555585732650403,-0.042488469955640026
SYN_004,3,26,female,brand,3.8907743131328636,-0.11311743141112587,-0.04170573460050722
SYN_004,4,26,female,familiarity,2.670119955146582,-0.23863091299457537,0.08379913810530636
SYN_004,5,26,female,familiarity,2.589645982983451,0.4157275693786575,0.04812654141786468
SYN_005,1,27,Female,familiarity,0.7371102681605272,-0.5181806471535171,-0.006492403930952437
SYN_005,2,27,Female,price,12.649250868764831,0.0713686650634121,0.013454839343211662
SYN_005,3,27,Female,brand,3.5876695154458225,-0.2542700685660601,-0.033489374605954386
SYN_005,4,27,Female,brand,16.948670691401787,-0.02525712606940622,-0.022044581458242028
SYN_005,5,27,Female,price,18.42443573876571,0.5380161510691527,-0.04021885787192104
SYN_006,1,27,female,brand,12.415428393203653,-0.21662297823685517,-0.06839780391712955
SYN_006,2,27,female,brand,3.325073971495862,0.6548883987945364,0.09814462920619006
SYN_006,3,27,female,brand,4.880444634374311,-0.3583457781590513,-0.08493612093287758
SYN_006,4,27,female,familiarity,5.569919647552135,0.29934785418917853,0.005243668179008926
SYN_006,5,27,female,brand,2.401089049311058,0.10644679385098332,0.06469041730442504
SYN_007,1,22,Female,Price,1.9742331794836636,0.5506205960039624,0.012589070994616747
SYN_007,2,22,Female,price,5.6738233952329775,0.08848180976044828,-0.022124592832572475
SYN_007,3,22,Female,price,4.710944697467562,0.20497452784205059,0.012016806221460303
SYN_007,4,22,Female,familiarity,2.6955423971904597,0.40721661700363065,0.003999471699965118
SYN_007,5,22,Female,familiarity,10.691640853832844,0.5483286257608088,-0.027406010623994437
SYN_008,1,25,Female,familiarity,28.3511644252255,-0.32142231541348687,-0.046512935639841546
SYN_008,2,25,Female,brand,7.289182112761496,-0.20393004919619612,-0.06347995620493066
SYN_008,3,25,Female,brand,5.756683749141061,-0.1798857798396127,-0.06969218362575592
SYN_008,4,25,Female,familiarity,2.6317826225467167,0.13904011954607765,0.061161561784275044
SYN_008,5,25,Female,brand,16.526769392343883,0.2374304175699959,0.06077004364303988
SYN_009,1,27,male,brand,5.926875535318667,0.186135266602244,-0.0425699062234033
SYN_009,2,27,male,price,15.742258196761961,0.25145170629139135,-0.006159726097465672
SYN_009,3,27,male,brand,4.7968457309695305,-0.4029803792116215,-0.10214489854992756
SYN_009,4,27,male,brand,6.428246431393805,0.6440254876949307,-0.01879284618609932
SYN_009,5,27,male,brand,3.861326346935051,-0.14248190352684734,0.02978638850426925
SYN_010,1,18,male,Price,2.812279690323848,-0.7416182599807444,0.008312181896988772
SYN_010,2,18,male,brand,20.91433406663007,-0.37062954414162563,-0.07953514984443882
SYN_010,3,18,male,price,0.7426573326996049,-0.405449799756856,-0.07654493293321254
SYN_010,4,18,male,familiarity,12.83629134843959,-0.3376139140420028,0.014457695056035384
SYN_010,5,18,male,brand,10.82231643238957,0.308880137197023,0.0022867650468796352
SYN_011,1,26,Female,familiarity,21.364140562652423,0.503410835067774,0.07292925188780458
SYN_011,2,26,Female,brand,6.73904456361877,0.30463200839620513,0.062322619324786464
SYN_011,3,26,Female,price,1.216884175160879,-0.18040465855253335,-0.03477901800961777
SYN_011,4,26,Female,familiarity,19.400997408095893,1.1170216588474036,0.13559972955501137
SYN_011,5,26,Female,brand,2.2541916483353908,0.33236319662785246,0.013524072471765104
SYN_012,1,26,Female,brand,15.367661868259418,0.548094983467499,0.02714852584308829
SYN_012,2,26,Female,brand,7.709763077594012,-0.03346515032340264,-0.007323019577501526
SYN_012,3,26,Female,price,5.176542064255443,-0.27046426130242684,-0.06637190159091101
SYN_012,4,26,Female,familiarity,1.8390584125468479,0.6741206243462895,0.06345348157809136
SYN_012,5,26,Female,price,2.2725195089902077,0.3912284233261498,-0.006241882805029479
SYN_013,1,19,Female,Price,6.389225437229483,0.30829857691922025,-0.07706100483121177
SYN_013,2,19,Female,brand,1.2830996578167604,-0.08561743488325979,-0.04944521781693389
SYN_013,3,19,Female,price,1.05762439368796,0.18719721272995046,0.025655382192733382
SYN_013,4,19,Female,familiarity,1.1053941258103361,-0.5218583432035087,0.04657822153758731
SYN_013,5,19,Female,brand,2.2331437026661685,0.33921332779007524,0.03580992631006955
SYN_014,1,24,Female,brand,13.57158192476399,0.4179590022456723,-0.06539570729424998
SYN_014,2,24,Female,brand,11.648819180713447,-0.13690887943675994,-0.012416633868196601
SYN_014,3,24,Female,brand,4.0721222038498945,-0.18648681214532317,-0.026535456332471556
SYN_014,4,24,Female,familiarity,6.523102573082066,-0.23423974892858973,0.07201991947683849
SYN_014,5,24,Female,familiarity,4.562181213369952,-0.07471570591594262,0.07177588676255982
SYN_015,1,27,Female,brand,6.219512815113894,-0.11938349253890315,0.011079762343303738
SYN_015,2,27,Female,brand,5.674969539544635,0.30456871525914364,0.042304177729483805
SYN_015,3,27,Female,brand,10.379534613569097,-0.32774003223027237,-0.07526677709206658
SYN_015,4,27,Female,brand,2.4517437762853125,1.1663402976000408,0.038808859691346426
SYN_015,5,27,Female,price,9.887143766058673,0.3931422013378692,0.010460893093482745
SYN_016,1,19,male,brand,3.0049554441309856,0.35418496702872027,-0.013251119966407357
SYN_016,2,19,male,brand,3.9067733043371655,0.5663361487526437,0.06060883454096266
SYN_016,3,19,male,brand,3.9363856789792715,0.05787562733999812,0.015528727663267593
SYN_016,4,19,male,familiarity,4.993529516352848,0.4257310077811128,0.06179049822062371
SYN_016,5,19,male,price,1.2429543077994794,0.12250804205675173,0.05240827933756764
SYN_017,1,23,Female,familiarity,9.391296728713735,-0.0608560168822089,-0.018738434192760202
SYN_017,2,23,Female,brand,14.623867532901757,-0.34330641480677127,-0.09331244961277418
SYN_017,3,23,Female,brand,7.234532913018221,-0.18846807686441208,-0.09379756862441546
SYN_017,4,23,Female,familiarity,45.15078529286609,-0.2183640459179726,0.046247225318611106
SYN_017,5,23,Female,brand,5.692449695618266,0.3271652981373431,0.08166152955832998
SYN_018,1,28,Female,familiarity,8.007246665426733,0.008319670174553054,-0.07722583438109157
SYN_018,2,28,Female,brand,4.597839188334468,-0.1993637297241428,-0.04502251097313305
SYN_018,3,28,Female,price,3.6568414036577024,-0.3661692466339074,-0.11638530908986577
SYN_018,4,28,Female,brand,2.368087478637823,-0.6558763869162574,0.07397782406880317
SYN_018,5,28,Female,familiarity,4.416938387897203,0.11906477299128398,0.060540658265099266
SYN_019,1,23,male,Price,1.7946467599682905,-0.2582877740779375,-0.0899025801707734
SYN_019,2,23,male,price,3.4124367513184595,-0.20747942980413453,-0.054277600010672104
SYN_019,3,23,male,price,3.024778773125552,-0.15042233142573935,-0.0780770241638428
SYN_019,4,23,male,familiarity,40.62886613326192,-0.048595805273470294,0.014811934434465567
SYN_019,5,23,male,price,2.335912766704748,-0.40317846162556314,0.09419653345592721
SYN_020,1,24,male,brand,3.92290830920451,0.06765758690167306,-0.03651361883311747
SYN_020,2,24,male,price,20.29207846497639,-0.43161036660527974,-0.0903931010874502
SYN_020,3,24,male,brand,18.15722265538125,-0.0037869004084350984,0.0033577492333566805
SYN_020,4,24,male,familiarity,3.921054356992371,0.9158090251184399,0.01930368967596564
SYN_020,5,24,male,price,4.6515965035032885,0.5109452768083057,0.043319375838717936
SYN_021,1,19,male,familiarity,14.209177654624717,0.30716706117193654,0.026978301295108992
SYN_021,2,19,male,price,4.08670973378054,0.23766070963786157,0.0653912399160628
SYN_021,3,19,male,brand,7.1496932810392275,-0.17782267344627734,-0.07329262903258013
SYN_021,4,19,male,familiarity,2.5175729238479816,1.0394688966598353,0.10071388928660856
SYN_021,5,19,male,brand,19.195315349131715,0.05622398622976288,0.028492625428420015
SYN_022,1,24,Female,familiarity,11.878108226835625,-0.2982734079910586,-0.04603820208144339
SYN_022,2,24,Female,brand,6.340360964007355,-0.3293498119245655,-0.03438000437944453
SYN_022,3,24,Female,price,3.798916439312145,0.34619444063051374,0.08253697267451274
SYN_022,4,24,Female,familiarity,5.062048017568214,-0.5915248430484948,-0.09280206715952792
SYN_022,5,24,Female,price,4.117242286551083,0.49648582475979847,0.015169461133388185
SYN_023,1,21,male,familiarity,11.261531119449293,0.052613023280961076,-0.051126118886377
SYN_023,2,21,male,price,0.7281546449492845,0.6956119638321603,0.08762321161816919
SYN_023,3,21,male,price,6.87450798184284,-0.19298241558278537,-0.06271689100892489
SYN_023,4,21,male,familiarity,8.052664657269776,-1.2763252671997845,-0.11016952845437877
SYN_023,5,21,male,familiarity,13.521325545438339,0.028055456655733724,0.029102789940366643
SYN_024,1,21,female,brand,1.4223151759805448,-0.33127171814709927,0.04108618606290592
SYN_024,2,21,female,price,2.443639188594324,-0.19551704832869216,-0.04293373199537037
SYN_024,3,21,female,price,5.640660361850367,-0.4015704742482735,-0.03887102144371685
SYN_024,4,21,female,familiarity,2.5923579821486773,-0.35689819493180075,0.02896259722071653
SYN_024,5,21,female,familiarity,5.049285537912577,0.8092776788349119,0.010556166856589395
SYN_025,1,20,female,familiarity,23.467173196126105,-0.284104532214265,-0.005330452511516362
SYN_025,2,20,female,price,4.112288477147492,-0.11567657961434588,-0.06308554222788562
SYN_025,3,20,female,price,2.421799349860839,0.20140630807117516,0.017378774739312944
SYN_025,4,20,female,familiarity,2.444770090638451,0.11178939581969893,0.01715549255746391
SYN_025,5,20,female,familiarity,13.621867014099113,0.3553742446212734,0.05391649177152859
SYN_026,1,30,female,Price,6.296721751722395,0.2736135622869638,-0.0788853599833799
SYN_026,2,30,female,brand,5.088801512080115,0.3905741341478667,0.03945406484764184
SYN_026,3,30,female,brand,4.55568323149176,0.05549381841427051,-0.0024036105549120838
SYN_026,4,30,female,brand,1.9513756208084057,0.6357366703346014,0.008435819716702268
SYN_026,5,30,female,familiarity,15.140479157247391,0.5126446070489686,0.004784960510820314
SYN_027,1,22,Female,familiarity,9.544003639585464,0.1199060814799304,-0.10527046991181913
SYN_027,2,22,Female,brand,3.1805090784894072,0.25120987927952415,0.03183066878283259
SYN_027,3,22,Female,brand,3.6199163459035724,0.05632751626336318,-0.008691275296884017
SYN_027,4,22,Female,familiarity,7.295789248485061,0.35144077587464284,-0.05608509047447088
SYN_027,5,22,Female,brand,37.46045396371285,0.5007211768320756,0.06512083899418747
SYN_028,1,33,Female,Price,14.236790262507762,0.249839510420776,0.018322612311184077
SYN_028,2,33,Female,brand,2.997073259702505,-0.15861507183408663,-0.03328804147067108
SYN_028,3,33,Female,price,4.562399780632042,0.04652621599760824,-0.006295844792283407
SYN_028,4,33,Female,familiarity,5.505826832060041,-0.7681013816893792,0.07791584704112747
SYN_028,5,33,Female,familiarity,7.118760678375081,0.6079522448900675,0.0411360141053667
SYN_029,1,23,Female,Price,5.448461335666209,-0.44432494556408497,-0.04906987046460909
SYN_029,2,23,Female,brand,5.146175339697563,0.043402813137562474,-0.024772812765915194
SYN_029,3,23,Female,price,34.766284696611244,-0.2539765447523497,-0.08912400701570392
SYN_029,4,23,Female,familiarity,14.503515089536425,0.8130452995164891,0.01374637363129649
SYN_029,5,23,Female,familiarity,19.657428296299468,0.613034482353078,-0.008123445962882031
SYN_030,1,22,male,Price,11.53345270371718,0.30479117229806296,-0.04044702767519954
SYN_030,2,22,male,brand,13.722252100655824,0.06265611474535779,-0.009820488061389094
SYN_030,3,22,male,price,6.8973615630308736,-0.3709053274623741,-0.060841840334847415
SYN_030,4,22,male,familiarity,14.367071582237337,1.2862231723310997,0.008195323270489151
SYN_030,5,22,male,brand,2.808180788005447,0.25750150491577983,0.027571067783369024
SYN_031,1,23,female,brand,3.220201670993324,-0.380203071713091,-0.037463589315938434
SYN_031,2,23,female,brand,9.09445135806977,0.2566146379969534,-0.00820482596574991
SYN_031,3,23,female,price,3.0680802384419863,0.17060045333189927,0.017813519967477542
SYN_031,4,23,female,brand,6.786923184636243,0.07840843406733178,0.10959022682594612
SYN_031,5,23,female,brand,55.38362874362556,0.07184597591474495,0.03779847250803393
SYN_032,1,24,male,familiarity,5.278035850683706,0.0454234272135666,-0.0543495414333514
SYN_032,2,24,male,brand,3.047276052404626,-0.2756035952966826,-0.08675958832415684
SYN_032,3,24,male,brand,1.7265344086482821,-0.31043136147891204,-0.0804586106658893
SYN_032,4,24,male,familiarity,8.02435675245748,0.23475880618297468,0.01995292464166248
SYN_032,5,24,male,familiarity,3.609147363424567,0.5082549114216113,0.013655869779268012
SYN_033,1,24,Female,familiarity,3.9218411329910925,0.25994134121480744,-0.016620989995410042
SYN_033,2,24,Female,brand,5.055854547598127,-0.3371309149589755,-0.03418634956995946
SYN_033,3,24,Female,brand,3.2241962646256876,-0.19822999868068372,-0.07896748536366929
SYN_033,4,24,Female,familiarity,8.881660127269345,-0.39392584108327755,-0.11151918116572095
SYN_033,5,24,Female,familiarity,1.8798188282023895,0.376107565435636,0.029728154970060972
SYN_034,1,29,Female,familiarity,14.330626728241072,0.1450499032725208,-0.06957120429211947
SYN_034,2,29,Female,price,2.47645483102322,-0.15020879175028304,-0.034391816520399424
SYN_034,3,29,Female,price,13.028205449347007,-0.035122923347684604,-0.011732943468530585
SYN_034,4,29,Female,familiarity,6.776900305396302,-0.046302135153453605,0.1067512879125544
SYN_034,5,29,Female,price,8.425840540898053,0.48772869362553795,0.03496763386132194
SYN_035,1,18,male,familiarity,9.27879073154796,-0.035516084344617393,0.0027363678473326393
SYN_035,2,18,male,brand,4.250727735482384,-0.4007576083709206,-0.08497805673847288
SYN_035,3,18,male,price,1.77617890482554,0.2246776997199288,0.04792043786957615
SYN_035,4,18,male,familiarity,19.647930740487084,1.003322068119124,-0.012210213322382936
SYN_035,5,18,male,brand,6.015442333500621,-0.48785271876718617,0.05630937105819422
SYN_036,1,28,male,Price,3.9202159387126576,0.23043413095457171,0.04490584836980722
SYN_036,2,28,male,brand,10.254862272369115,-0.17808142590491655,-0.06252066557231252
SYN_036,3,28,male,price,8.231200404508082,-0.136251630598239,0.0007435934375270639
SYN_036,4,28,male,familiarity,4.924827665929617,-0.8550601924875545,0.054066698470203185
SYN_036,5,28,male,familiarity,3.894257502745603,0.15752554893162934,0.08006917357500436
SYN_037,1,24,Female,brand,2.2496695197854812,0.27974345004365264,0.02319854632301377
SYN_037,2,24,Female,brand,8.350148674594998,-0.1434965233576506,-0.03929774160063098
SYN_037,3,24,Female,brand,7.3733482556984296,-0.1873437387590362,-0.005819872750438271
SYN_037,4,24,Female,familiarity,21.35446742284947,-0.06410549034667407,-0.05224453666636847
SYN_037,5,24,Female,familiarity,0.6783769986143751,0.42911778985154636,-0.007872484124762326
SYN_038,1,23,male,Price,8.208819238312032,-0.29299483101989726,-0.0017411754250442417
SYN_038,2,23,male,brand,2.2970626828852776,0.444049589867487,0.0348187201913229
SYN_038,3,23,male,price,13.791879628728537,-0.4386579644062435,-0.11182016209795195
SYN_038,4,23,male,familiarity,1.4745482362994464,0.5814831793329823,0.05680371966919216
SYN_038,5,23,male,brand,9.530141343653291,0.38580887966393335,0.027541630129898104
SYN_039,1,24,Female,familiarity,8.270190413782162,-0.0900990319377582,0.0006689225394222731
SYN_039,2,24,Female,brand,20.451076234798588,-0.11182431895007958,-0.07150491612399246
SYN_039,3,24,Female,brand,10.23476832371759,-0.02853040448797986,-0.04515282304227186
SYN_039,4,24,Female,brand,38.851207083368216,0.9643921413389203,0.001134085303067878
SYN_039,5,24,Female,price,22.769987969315014,0.33455330847575315,0.06676109332672563
SYN_040,1,24,male,Price,8.903713782876531,-0.10558393916973255,0.0468383076677119
SYN_040,2,24,male,price,16.830888081099676,0.2676843175159667,-0.008125240880995185
SYN_040,3,24,male,price,17.831338113536297,-0.16787901988504478,-0.038930494375437184
SYN_040,4,24,male,brand,4.682144066264644,0.6675704698378699,0.051957441743176076
SYN_040,5,24,male,price,6.3280984591898655,0.11952748824402595,0.10145434279449986
SYN_041,1,22,male,Price,21.756494770469033,-0.04870108986831628,0.00026539236908963357
SYN_041,2,22,male,price,3.4594621858722796,0.6141436663950579,0.05995460840827596
SYN_041,3,22,male,brand,7.53865322918375,-0.21859200059990852,0.0012600753338170498
SYN_041,4,22,male,familiarity,5.856473675386387,1.1332876373375844,0.09948739262315685
SYN_041,5,22,male,brand,6.5866170015327645,-0.8696180357310035,0.10013786374026135
SYN_042,1,27,Female,Price,44.39784236722097,0.24599437707324753,-0.020914609665839797
SYN_042,2,27,Female,price,4.812317756853862,0.5933855295221981,0.0560336357953804
SYN_042,3,27,Female,price,12.423233827990567,-0.13443276946253038,-0.03231894390078392
SYN_042,4,27,Female,familiarity,4.651084036751375,0.027246073791400538,0.018499264262337
SYN_042,5,27,Female,price,1.9095399123658316,0.32637860380791534,0.01187160255456328
SYN_043,1,21,female,Price,4.019628938103082,-0.2339421651121073,-0.03009984395614159
SYN_043,2,21,female,brand,7.11228101900147,0.20677076129538996,0.03385692585898312
SYN_043,3,21,female,price,4.204995725563828,-0.05093082284124219,-0.020449011998965996
SYN_043,4,21,female,familiarity,4.445224395154702,-0.68577841231776,-0.1405762273693613
SYN_043,5,21,female,familiarity,5.071339919950949,-0.20809953928893477,0.04905577777742805
SYN_044,1,25,male,brand,12.506982808419002,0.4360599561560868,0.053001905036976785
SYN_044,2,25,male,brand,13.471243554303607,-0.28291521440269235,-0.03008958400222382
SYN_044,3,25,male,price,1.6022588623397815,-0.3551655587919794,-0.046371693482772376
SYN_044,4,25,male,brand,5.8668326174727685,-0.8327197179891337,-0.15049346850828055
SYN_044,5,25,male,price,12.220515888814372,-0.6286943618338399,0.11017482886343222
SYN_045,1,29,Female,familiarity,12.973128241189574,-0.1254940407938469,-0.10290884521414434
SYN_045,2,29,Female,brand,6.228777041268358,-0.3578911195649112,-0.0763387949449566
SYN_045,3,29,Female,brand,3.4187067317002042,0.15046781504344406,0.03126819246234454
SYN_045,4,29,Female,familiarity,3.754764071221252,0.014970314949704855,0.06375893118798193
SYN_045,5,29,Female,familiarity,2.1605235355440233,0.5265309189486209,0.04196480303903391
SYN_046,1,24,Female,familiarity,2.889152187396648,-0.08327642467786589,0.012481403981512488
SYN_046,2,24,Female,brand,9.737951335663254,0.12006583541581353,-0.0066499261314958424
SYN_046,3,24,Female,brand,3.831986763793524,-0.020437694752536074,-0.025748336299719406
SYN_046,4,24,Female,familiarity,6.234421491320451,-0.4997988189174484,0.05647473612957809
SYN_046,5,24,Female,price,10.166455340653178,-0.6295329308276686,0.06776593466614621
SYN_047,1,18,Female,familiarity,6.083969756508396,0.08238771373565507,0.05846229553194439
SYN_047,2,18,Female,brand,4.464552466732887,-0.15256513444225506,-0.03802538320520468
SYN_047,3,18,Female,price,2.426312749054477,-0.11445822132332144,-0.0361557398148172
SYN_047,4,18,Female,familiarity,3.854092354211718,0.8290502683248988,0.005193854841152715
SYN_047,5,18,Female,price,12.304801360488764,0.16777709802941954,0.06351587037853482
SYN_048,1,19,female,Price,17.234200767893487,-0.005293040150513628,0.007768309309377051
SYN_048,2,19,female,price,4.1227369473933555,0.3065743884037989,0.03260015877059773
SYN_048,3,19,female,brand,11.251556768535574,0.28377432474273695,0.042074920757652456
SYN_048,4,19,female,brand,1.6435911123362483,0.6145740485078898,0.03614114320325416
SYN_048,5,19,female,familiarity,2.034604520481442,0.3829172723048556,0.020913770844455136
SYN_049,1,25,female,familiarity,3.6487138420332927,-0.13806768042007017,0.02834719851611786
SYN_049,2,25,female,price,2.778267297295577,0.472846855652917,0.049380276744115825
SYN_049,3,25,female,brand,9.33110754694492,-0.06856371310673394,-0.007010254320479356
SYN_049,4,25,female,familiarity,4.557491721232864,0.7693266463391909,0.09811790889171765
SYN_049,5,25,female,familiarity,39.168596730603035,0.3993522801675485,0.0346048602418902
SYN_050,1,21,Female,familiarity,5.474263195808103,0.057780662602071875,0.009837670535316558
SYN_050,2,21,Female,brand,7.501175589663088,-0.05001548492797456,-0.061985293351303324
SYN_050,3,21,Female,brand,9.704601041696444,-0.515670764804616,-0.11626404929987247
SYN_050,4,21,Female,familiarity,13.13365809770471,-0.3354499876700038,-0.05396325950498247
SYN_050,5,21,Female,familiarity,5.314599295004489,0.4112096955425438,0.05192861806599389
SYN_051,1,23,Female,brand,1.6446651042283242,-0.22205198304126716,0.04558719573072262
SYN_051,2,23,Female,brand,4.478623428686053,-0.20719079159762913,-0.0375686693331193
SYN_051,3,23,Female,price,0.7911284535550025,-0.09362478756230072,-0.02280100498733182
SYN_051,4,23,Female,familiarity,18.085171207198453,0.08108711160663296,0.08570301869636879
SYN_051,5,23,Female,familiarity,5.59228098839973,-0.3126180774069837,0.048528523022819806
SYN_052,1,25,male,familiarity,5.848975248058075,-0.2655250340754889,-0.13529746970488266
SYN_052,2,25,male,brand,7.730931198882538,0.6321541226589347,0.07570479496588212
SYN_052,3,25,male,price,7.159392937709713,-0.018507533088771736,-0.016731426394378038
SYN_052,4,25,male,familiarity,2.6048231180089165,0.25618954676331,0.031140628930877885
SYN_052,5,25,male,familiarity,3.327577136572879,0.3484625825299637,0.03000408653678636
SYN_053,1,19,Female,brand,7.06136109186654,-0.041198744347930916,0.03032962030650637
SYN_053,2,19,Female,brand,8.815325518042103,0.29688463723883884,0.005128135771220017
SYN_053,3,19,Female,brand,4.48347171118117,-0.27053404004316434,-0.016027013998876127
SYN_053,4,19,Female,familiarity,4.595305640279019,-0.811664830252135,-0.0019798856918481697
SYN_053,5,19,Female,familiarity,10.301860137823079,0.28045996922359184,0.046145131102319464
SYN_054,1,28,Female,familiarity,3.744004660757783,-0.1845523779821297,-0.01319501452100446
SYN_054,2,28,Female,price,4.0910525056175775,0.34193743148862565,0.0662868877624663
SYN_054,3,28,Female,brand,1.8310823842507213,6.0915388316160404e-05,-0.01812296783490765
SYN_054,4,28,Female,familiarity,34.98646190627239,-0.629192323882346,0.05494463599980848
SYN_054,5,28,Female,brand,23.614134881807743,0.5564185733700739,0.04571292040091083
SYN_055,1,22,Female,brand,11.173150461181539,0.5209242417171285,0.05523839191317756
SYN_055,2,22,Female,brand,13.010123582441867,0.20741993572878778,0.01755003048228555
SYN_055,3,22,Female,brand,11.044045892566723,-0.540693583382136,-0.07984495714584836
SYN_055,4,22,Female,familiarity,4.383264330815139,-0.16837685346478226,0.032553919880019974
SYN_055,5,22,Female,price,14.465292837850017,0.06259114067582039,0.013555939588978543
SYN_056,1,25,Female,brand,4.837615208451378,0.014134088967419633,-0.006612226520004039
SYN_056,2,25,Female,brand,9.328358611974181,0.1316007381775957,-0.02863543388965515
SYN_056,3,25,Female,brand,5.635420267721842,-0.3128713449519693,-0.09998171745431769
SYN_056,4,25,Female,familiarity,1.899945145671855,0.4446698621177747,0.08368307322797576
SYN_056,5,25,Female,familiarity,9.847190093548873,-0.12799249258517464,0.01814938651935583
SYN_057,1,22,male,familiarity,3.9835574207941034,0.7493946440777189,0.040891571353863274
SYN_057,2,22,male,brand,2.3147549339868267,0.40872968061156373,0.03355642735083943
SYN_057,3,22,male,price,4.932124335244435,-0.0318378479899247,0.007399082458224658
SYN_057,4,22,male,familiarity,3.690622393254146,0.285295155928936,0.05776312560040445
SYN_057,5,22,male,familiarity,2.857576473569003,0.27797220677895557,0.01797542897793216
SYN_058,1,19,Female,familiarity,1.908006397759802,0.636352491134486,0.09804824574635461
SYN_058,2,19,Female,brand,2.186133367303086,0.5774935813753121,0.06434252356446132
SYN_058,3,19,Female,brand,3.7677791196508332,-0.24782081995837094,-0.09142465256088039
SYN_058,4,19,Female,familiarity,2.2387238093612636,-0.13498519318541477,-0.02346279797046625
SYN_058,5,19,Female,familiarity,3.132409169110939,0.08103937220448859,0.07492945797278772
SYN_059,1,22,Female,familiarity,1.4647303615132397,0.5270741959312976,0.013720768808305413
SYN_059,2,22,Female,brand,1.7106161315476658,0.5578498782648696,0.06281398012064837
SYN_059,3,22,Female,price,25.98012271082299,0.2689713466181479,0.05255928934175074
SYN_059,4,22,Female,familiarity,2.4268976989667004,1.0585141964077127,0.04525082302190884
SYN_059,5,22,Female,price,5.950144752102273,0.18102656203110745,0.033153825522513385
SYN_060,1,20,male,Price,8.441870859444613,0.41282499593515154,0.11081469467845073
SYN_060,2,20,male,brand,2.066716177452669,0.15480721727981517,0.008133803224620675
SYN_060,3,20,male,price,5.578288834177293,0.08073805034808312,0.005243870748056275
SYN_060,4,20,male,familiarity,9.13329196991795,-0.9683310081694949,-0.1487920042272421
SYN_060,5,20,male,familiarity,26.930080974314443,0.41065218476435417,0.03522447157769683
SYN_061,1,24,Female,Price,6.50581543649518,0.35309567302705996,-0.03685331343833588
SYN_061,2,24,Female,price,9.768323341579235,-0.3155170284377238,-0.05887259952699579
SYN_061,3,24,Female,price,11.192333482711238,0.11829375887377352,0.033005659890424074
SYN_061,4,24,Female,familiarity,16.165363472351558,-0.9342268456575755,0.051589583457546495
SYN_061,5,24,Female,familiarity,26.723422400198768,0.8244019677809762,0.011826688323696218
SYN_062,1,25,male,Price,32.239158193413104,0.24822015537671757,0.07922195919747074
SYN_062,2,25,male,price,2.962290379150207,-0.49098659212506346,-0.094464456769383
SYN_062,3,25,male,brand,5.165053576228558,-0.20650181225961448,-0.0773640981207048
SYN_062,4,25,male,familiarity,10.644037892857236,0.16434154660188532,-0.0024773358079140575
SYN_062,5,25,male,familiarity,6.8471662403876845,0.13401657694217262,0.06107807694204172
SYN_063,1,19,female,Price,4.106906970335228,0.3257217488086891,0.04183622038817339
SYN_063,2,19,female,brand,4.361104910321742,-0.4222956093634437,-0.08142085894255505
SYN_063,3,19,female,brand,9.378487809252626,-0.12097154202461956,-0.029699872928758447
SYN_063,4,19,female,familiarity,4.534295659375776,-1.2682428755990998,-0.04019712778654949
SYN_063,5,19,female,brand,3.696736780731538,0.8419694360992285,-0.05313364958381329
SYN_064,1,27,Female,familiarity,8.76321090146527,-0.3149076233615821,-0.023529141527604075
SYN_064,2,27,Female,price,3.523922428258261,-0.32179815052482563,-0.07783237294403669
SYN_064,3,27,Female,price,4.435678402325317,-0.43535970866738205,-0.06576648365566452
SYN_064,4,27,Female,familiarity,4.814400559723501,-0.025001185748609323,0.08729858293670871
SYN_064,5,27,Female,price,3.4726237530152297,0.7422434283334653,0.01570355333716491
SYN_065,1,29,female,Price,36.16807917069017,0.04526601472284938,-0.06313094239267049
SYN_065,2,29,female,brand,1.1022057414145618,0.5759731533616165,0.0586249338977677
SYN_065,3,29,female,price,4.67480618121284,-0.11169454483036875,-0.04672845666253466
SYN_065,4,29,female,brand,16.574416905084085,-0.4325154539080174,0.004749872454160128
SYN_065,5,29,female,price,1.7924611501762968,0.29630680166291884,0.049994651082037635
SYN_066,1,22,male,brand,4.596797094638669,-0.1672742548155876,0.006038150662716927
SYN_066,2,22,male,price,7.327580024408117,-0.03166361485407179,-0.034082428176632686
SYN_066,3,22,male,brand,1.8591691977818556,-0.21470163573930556,-0.03862591116522179
SYN_066,4,22,male,familiarity,2.912996434403757,0.44618687988435846,0.00947768091367661
SYN_066,5,22,male,familiarity,6.521093727651259,-0.2559070348557484,0.05444691854685998
SYN_067,1,20,female,Price,4.2912220695270955,0.34083935254072073,0.0330596820175053
SYN_067,2,20,female,brand,17.784663575883947,-0.0694073384659151,-0.028104277788301473
SYN_067,3,20,female,brand,5.1229546353635405,-0.09061651307027344,-0.01081274916988335
SYN_067,4,20,female,familiarity,6.491008677681647,0.48452105047963456,0.04803736561970945
SYN_067,5,20,female,familiarity,6.873034961141085,0.17296475241518441,0.0037169290124214388
SYN_068,1,20,female,Price,9.652770399923307,0.05618850731030903,-0.07941151338055259
SYN_068,2,20,female,brand,1.7206682640745956,-0.4365628098599599,-0.08612334161967528
SYN_068,3,20,female,price,10.840995837360623,-0.1012655826117412,-0.06276255263107901
SYN_068,4,20,female,familiarity,1.2180252211621438,-0.46185914685829144,-0.0491966225530332
SYN_068,5,20,female,familiarity,1.9415692377145404,0.16478528632702882,0.056903623845717545
SYN_069,1,25,male,brand,11.476414571186922,0.526423161209888,0.02856825710000476
SYN_069,2,25,male,brand,3.7043553688124966,-0.3583632124911864,-0.07079938703340355
SYN_069,3,25,male,price,6.903131414928963,-0.028696059443608757,-0.00983672903324261
SYN_069,4,25,male,familiarity,5.047634957699695,0.03380047855576862,-0.07165818329630148
SYN_069,5,25,male,familiarity,25.342645251632142,-0.08807342694085013,0.04151498443854941
SYN_070,1,22,female,brand,4.729007920956577,-0.5446546077757138,-0.02595890665822722
SYN_070,2,22,female,brand,5.013652568448588,-0.17433638095529191,-0.045156524333989485
SYN_070,3,22,female,price,8.28182269450026,-0.05194101209032099,-0.012959784411726492
SYN_070,4,22,female,familiarity,1.9555316876271207,0.5305503142642192,0.003322166277974008
SYN_070,5,22,female,familiarity,3.0451987633701263,0.2764508775616699,0.004821844956449747
SYN_071,1,22,Female,familiarity,3.8990203471264984,0.047796574475747755,-0.011540374898904493
SYN_071,2,22,Female,brand,5.009760825858007,0.26130673061197024,0.03117235791715302
SYN_071,3,22,Female,brand,15.802039923670462,-0.14774950328683284,-0.010658998502851135
SYN_071,4,22,Female,familiarity,2.8332130646527314,-0.6069016514677001,-0.0006381434831589095
SYN_071,5,22,Female,brand,3.720858842162317,0.5055384267473191,-0.01039161854415457
SYN_072,1,24,Female,Price,7.075096947983395,-0.3533929712568217,-0.028795896952140777
SYN_072,2,24,Female,brand,5.145033362276928,-0.050087518344679186,-0.059113946859724334
SYN_072,3,24,Female,price,5.822621796919347,-0.15789904126039367,-0.06969334251935276
SYN_072,4,24,Female,familiarity,18.981616477114063,-0.0955947519792536,0.10499117766549579
SYN_072,5,24,Female,familiarity,6.86159362512721,0.09212022261076247,0.005724251206264811
SYN_073,1,24,male,familiarity,52.10089724115314,0.36730055730453604,0.0310769380490424
SYN_073,2,24,male,price,8.134931201281415,-0.4051530881055322,-0.08087100776790837
SYN_073,3,24,male,brand,31.171421193305164,-0.46732588517195267,-0.04934853028249277
SYN_073,4,24,male,familiarity,21.945268315824226,-0.3443269786533391,-0.10571604139098001
SYN_073,5,24,male,familiarity,3.3948285827331026,0.06794062696974718,0.06167863099792167
SYN_074,1,21,Female,brand,60.2981929610467,0.24995892999749927,-0.0247104669988732
SYN_074,2,21,Female,brand,3.0505610651142865,-0.14264067761023477,-0.05386192573264812
SYN_074,3,21,Female,price,2.176170520528721,-0.09150520765702985,-0.019981684859642936
SYN_074,4,21,Female,familiarity,2.4950416714708292,-0.6882642755489999,0.020040004846847648
SYN_074,5,21,Female,price,13.079566114519002,0.37505548829449054,0.03944405468936972
SYN_075,1,25,male,familiarity,2.2262722733229228,-0.19300799541378277,0.025039002636985094
SYN_075,2,25,male,brand,5.680477120339141,-0.06751097541776283,-0.03692459221621571
SYN_075,3,25,male,price,8.439322670248734,-0.1916791513756016,-0.060417827590555334
SYN_075,4,25,male,familiarity,14.630129012065836,-0.04418657426846706,-0.012553595303019522
SYN_075,5,25,male,price,7.752144287605346,0.2185310898607944,0.017311015283472928
SYN_076,1,19,Female,familiarity,4.096754827907293,0.07862469144241446,0.024093633067072195
SYN_076,2,19,Female,brand,12.61751658750241,0.43728619598908236,0.0593530537237719
SYN_076,3,19,Female,brand,1.8230248201777857,-0.033427770084206776,-0.040900886401775
SYN_076,4,19,Female,familiarity,6.316544947986049,0.3476667848841545,0.08554711360224243
SYN_076,5,19,Female,price,4.275971130352964,0.205586679801072,0.0024254963614758476
SYN_077,1,19,Female,familiarity,2.134795731966146,-0.1942917791285125,-0.06845077526075
SYN_077,2,19,Female,brand,4.247036262626002,-0.714275304592709,-0.11044184202333557
SYN_077,3,19,Female,brand,10.181404440315623,-0.418304617287602,-0.0971854207686265
SYN_077,4,19,Female,familiarity,19.461632680390366,1.2379465535397496,-0.032987641552321686
SYN_077,5,19,Female,familiarity,7.875155440278361,0.32509834261677983,0.027341861739597628
SYN_078,1,19,male,familiarity,7.2177774898908025,0.5279194529155716,-0.06603088594640283
SYN_078,2,19,male,brand,2.282463625352005,-0.3028659542057816,-0.05165470161124939
SYN_078,3,19,male,price,7.22206995999747,0.06989499101313404,0.0005278431174958464
SYN_078,4,19,male,familiarity,13.035025646688785,-0.5688026435609201,-0.04260496731395012
SYN_078,5,19,male,brand,3.4676382357735287,-0.581208474009238,0.08638741862911968
SYN_079,1,25,male,familiarity,7.7328346363442275,0.12382260372521289,0.08585650250926465
SYN_079,2,25,male,brand,23.891265529755163,-0.039430473094727206,-0.06579530294367784
SYN_079,3,25,male,brand,7.372873474708655,-0.23098214410083653,-0.06917070179132845
SYN_079,4,25,male,familiarity,12.870291298956332,0.8719733175374308,-0.008087117145317345
SYN_079,5,25,male,brand,1.3732752772382892,0.4921388005109463,-0.01992280122386869
SYN_080,1,20,Female,Price,4.208548271626336,0.023391085407260613,-0.020085264550504627
SYN_080,2,20,Female,brand,2.2484242837563464,0.25963292698062734,0.0318323754473734
SYN_080,3,20,Female,brand,27.179073306185572,-0.1394377402074803,-0.0437231576662183
SYN_080,4,20,Female,familiarity,3.5159938867991904,0.024753790550598898,-0.09536122332119593
SYN_080,5,20,Female,familiarity,7.692828378596571,-0.3850160855631262,0.06266657091410785
SYN_081,1,22,Female,Price,18.333405879015753,0.06613384160679339,-0.07147066915028968
SYN_081,2,22,Female,brand,0.3298147513867155,0.015277107779978524,-0.020281506657745654
SYN_081,3,22,Female,brand,7.171756444528047,0.11672851505154917,0.023182440150562884
SYN_081,4,22,Female,brand,25.468520073101033,-0.09683716308242363,0.03780348024544104
SYN_081,5,22,Female,familiarity,8.831494406359168,0.04743555522387011,0.0980235470312901
SYN_082,1,20,Female,familiarity,14.758592554903615,-0.021630058429145116,0.006777713597134576
SYN_082,2,20,Female,brand,9.146675078713619,0.13971245638783258,0.03741300564949001
SYN_082,3,20,Female,price,2.676189604834838,-0.18926862161651306,-0.05183656762654022
SYN_082,4,20,Female,brand,2.4615967967672043,-0.043133008683525376,0.06464619482314606
SYN_082,5,20,Female,brand,2.797611189315735,0.6471163324392484,0.0014208238394268075
SYN_083,1,22,female,familiarity,6.6587831386500556,0.42072044425314753,-0.09202500137691924
SYN_083,2,22,female,brand,4.650902088997622,0.3830532575505313,0.053371337255201434
SYN_083,3,22,female,brand,5.628145314215824,0.0200964716245621,-0.03692660875591169
SYN_083,4,22,female,familiarity,1.8280405929960515,-0.9365501749774958,0.04724993507577796
SYN_083,5,22,female,familiarity,2.7461333023171197,0.18062329323374526,0.08929618668715159
SYN_084,1,21,Female,familiarity,1.6442001733523124,0.10978842402565445,-0.0457959210638455
SYN_084,2,21,Female,price,1.683098417226016,-0.009010402510934323,0.012941764888912697
SYN_084,3,21,Female,brand,1.373795190166994,-0.2205606720203433,-0.04579571827177606
SYN_084,4,21,Female,familiarity,3.932128660739113,1.3512144572927554,0.032780744621831774
SYN_084,5,21,Female,familiarity,3.522417549474623,0.6819988597041311,-0.02190450597449927
SYN_085,1,24,Female,familiarity,6.7211647901406755,0.5912919536587071,-0.004565608347080894
SYN_085,2,24,Female,brand,2.6538388309064667,-0.09897236858913566,-0.027255952044049854
SYN_085,3,24,Female,price,7.096655004121183,-0.04353991164599386,-0.04703128641342699
SYN_085,4,24,Female,familiarity,4.388401223584611,0.14370602920295356,0.10953931667506343
SYN_085,5,24,Female,familiarity,5.955404521633181,0.3680400139813147,0.03971077355014711
SYN_086,1,23,Female,familiarity,4.215614455025529,-0.09193590856542255,0.05503057627164451
SYN_086,2,23,Female,brand,11.209677106684667,-0.18626391036533368,-0.07076799303751452
SYN_086,3,23,Female,brand,5.948744556977972,-0.03358777210155414,-0.013759265441016274
SYN_086,4,23,Female,familiarity,3.0835081409008223,-0.2392217665269723,-0.09064433764083152
SYN_086,5,23,Female,familiarity,5.519934527455275,0.1402879303569903,0.05014489873461484
SYN_087,1,23,Female,Price,5.7320057397588196,-0.06427783731689787,0.014736818380457994
SYN_087,2,23,Female,brand,2.4887639082208763,0.14513650979084416,-0.002901580497372408
SYN_087,3,23,Female,price,7.858711739751702,-0.336457545531356,-0.04358950667445294
SYN_087,4,23,Female,familiarity,4.741127386723812,0.8524779806045746,0.03958110757999306
SYN_087,5,23,Female,familiarity,3.0770526462258463,0.35675340331848754,0.02456670466717123
SYN_088,1,25,Female,brand,46.35534808378192,0.4763125613697936,0.06867090256537889
SYN_088,2,25,Female,price,2.048357229817299,0.28552280340056735,0.002555464624985869
SYN_088,3,25,Female,brand,3.694286903497473,-0.0779035155611501,-0.0023614592159619486
SYN_088,4,25,Female,familiarity,29.06899279748017,1.207667542431932,0.06725861161555191
SYN_088,5,25,Female,brand,1.8164571598019523,-0.05437998748604006,0.08779387126910454
SYN_089,1,26,male,familiarity,4.309336755791987,-0.012214721632653264,-0.03979337812659697
SYN_089,2,26,male,brand,7.5214548946545765,-0.12151164770847062,-0.01694185707297926
SYN_089,3,26,male,brand,4.234943944105734,-0.1752128359189885,-0.04600438526205197
SYN_089,4,26,male,familiarity,2.6665121641554617,-0.5569371094881435,-0.0292305959021218
SYN_089,5,26,male,price,5.471850475327946,0.6041405960247288,-0.028965523418101595
SYN_090,1,21,Female,brand,11.496814077136296,0.050440421632495354,-0.06941087725604436
SYN_090,2,21,Female,brand,5.4534933063612865,-0.034624740887152256,-0.04696240607687466
SYN_090,3,21,Female,price,4.2458228580554085,-0.35415855540845287,-0.11388327627889173
SYN_090,4,21,Female,familiarity,11.696137569507512,-0.8123455231592571,-0.006515831366502758
SYN_090,5,21,Female,brand,37.011676518314715,0.4782926251396195,-0.03303277616884856
SYN_091,1,22,Female,familiarity,8.83717705544961,0.46488529470899376,-0.05377628206944239
SYN_091,2,22,Female,brand,1.3763004508527754,-0.21208806782339684,-0.06448876710150207
SYN_091,3,22,Female,price,3.6505159817484794,-0.39476260757684367,-0.056765959275106026
SYN_091,4,22,Female,familiarity,3.2314252490868776,-0.10232396861514181,-0.002205956189934126
SYN_091,5,22,Female,brand,4.050642168380805,-0.09524767982913218,0.06675671437810432
SYN_092,1,22,Female,familiarity,5.991917105632225,0.08737559751962054,0.053801199055450055
SYN_092,2,22,Female,price,8.754695529360916,0.22269984575188145,0.02529983700664322
SYN_092,3,22,Female,price,0.5762562926010675,-0.3492935717029058,-0.0884077316882828
SYN_092,4,22,Female,familiarity,4.769911545759177,0.35975042692076786,-0.04580448243806172
SYN_092,5,22,Female,familiarity,26.175783837364275,0.3500515567833131,0.01630206626827984
SYN_093,1,20,male,familiarity,8.245970093121956,0.39945894610442123,0.0040267402829959505
SYN_093,2,20,male,brand,3.3708784193345918,0.396404280490313,0.04034359060297183
SYN_093,3,20,male,price,10.994195768810563,-0.04237535394647701,-0.009987996299300923
SYN_093,4,20,male,familiarity,3.1560566348041963,0.595742868883126,0.08597090047473929
SYN_093,5,20,male,familiarity,5.360065803871933,-0.43421151915325074,0.06560349055288435
SYN_094,1,21,Female,Price,7.254212883146394,0.7255483016522408,0.022219877579491495
SYN_094,2,21,Female,brand,13.836265940908076,0.37143192025115607,0.014431665861098349
SYN_094,3,21,Female,price,2.4418848172033116,-0.18262308633661872,-0.04059726609889107
SYN_094,4,21,Female,familiarity,4.317570268520976,-0.4570490241338672,-0.09786241642731153
SYN_094,5,21,Female,price,3.0653152245601563,0.4395678444236658,0.04754794006594526
SYN_095,1,23,Female,familiarity,2.7958292123603563,-0.01737124763079495,0.023195426662908764
SYN_095,2,23,Female,brand,8.443914366851669,0.22875870443096363,0.04591414454235264
SYN_095,3,23,Female,brand,7.657334076992837,0.27736996758599264,0.022223213619559336
SYN_095,4,23,Female,familiarity,8.908901951751023,-0.5228095853233131,-0.14149177526721762
SYN_095,5,23,Female,price,5.210823153144767,0.8756480445692064,-0.020857696179374843
SYN_096,1,29,Female,familiarity,2.6158029949858093,0.01919856124205837,-0.00601207910522901
SYN_096,2,29,Female,brand,2.2448366556904387,-0.028815167961385807,-0.01957106456916602
SYN_096,3,29,Female,brand,27.080797270469695,0.10121203820405451,0.01826878615144078
SYN_096,4,29,Female,brand,4.014396190257947,-0.48154577134509946,-0.017621996407025095
SYN_096,5,29,Female,familiarity,10.262502577915617,-0.028073579460105413,0.0543281432116078
SYN_097,1,27,male,Price,19.663949820298374,0.06314218190101364,-0.06586696834873267
SYN_097,2,27,male,brand,7.721146848349077,0.14651693831273846,0.0075698228846763325
SYN_097,3,27,male,brand,2.944526902292503,-0.1589535650710749,-0.03757838615539507
SYN_097,4,27,male,familiarity,3.848548967810405,-0.0853209558606342,0.09235943188828354
SYN_097,5,27,male,familiarity,7.422648860409801,-0.6205695903145408,0.0916331854376145
SYN_098,1,20,male,brand,6.113955590564945,0.42158820828912424,-0.023015352913442547
SYN_098,2,20,male,price,11.400863655559474,0.39397292338855294,0.031379021453799165
SYN_098,3,20,male,price,4.698319637005549,-0.1200904769319218,-0.07061780574876442
SYN_098,4,20,male,familiarity,11.637030017543951,0.5244345016187186,0.07039597547914012
SYN_098,5,20,male,brand,4.152391755456284,0.36646520388981374,0.02229317997507836
SYN_099,1,19,Female,brand,2.2121514866347938,0.007263080424343156,-0.10530883845814995
SYN_099,2,19,Female,price,12.516797443900598,0.266136084325646,0.004470372323390426
SYN_099,3,19,Female,brand,7.1759426032061935,0.031095564624116993,-0.024637315832687662
SYN_099,4,19,Female,familiarity,3.017131706638341,0.009746139309140645,0.08900875980415497
SYN_099,5,19,Female,brand,5.732560260327717,0.014911309235386971,0.04564296554855078
SYN_100,1,22,Female,familiarity,4.1992238067764145,-0.16479043467738144,-0.004171210473714791
SYN_100,2,22,Female,brand,0.8436291986963588,0.21256560583652107,-0.006885781707690584
SYN_100,3,22,Female,brand,2.2099901370404353,0.08429189933986302,-0.0026079744546212555
SYN_100,4,22,Female,familiarity,6.965667500348651,-0.08876376267195454,0.09337798825646719
SYN_100,5,22,Female,price,4.447008045527213,0.5081700400046634,-0.018524876381651397
SYN_101,1,28,Female,familiarity,9.12710120526192,-0.34036783742255766,0.030043072242451667
SYN_101,2,28,Female,brand,16.62068468104407,-0.010676890130894276,-0.030410346919036088
SYN_101,3,28,Female,brand,6.442618814444539,-0.21822164097806845,-0.052564750713759045
SYN_101,4,28,Female,familiarity,31.18242027702359,0.8486456760045118,0.10733023695223352
SYN_101,5,28,Female,brand,1.533476916714431,0.16598036093839957,0.04663079699795705
SYN_102,1,23,Female,Price,0.4869899161221734,-0.28848566235807627,0.006134733202483216
SYN_102,2,23,Female,brand,10.091919841700978,0.06647626865619359,-0.031183531072048874
SYN_102,3,23,Female,brand,5.298078633946062,-0.17269113782309423,-0.05958420858393024
SYN_102,4,23,Female,brand,2.19975526238969,1.1844954081482038,0.07873602088099031
SYN_102,5,23,Female,brand,10.046292453657369,0.24678276888553316,0.0640827592596662
SYN_103,1,18,male,Price,4.899038272549268,0.22517838843417445,-0.0348048788304191
SYN_103,2,18,male,brand,6.103127184487248,0.2309416485945089,0.005097548323583868
SYN_103,3,18,male,price,2.6033006843430884,-0.34117626103034104,-0.06212625077533333
SYN_103,4,18,male,familiarity,7.9429719150616584,-0.0023045455076542987,-0.020625236901796073
SYN_103,5,18,male,familiarity,2.963456799152422,0.6014678809156098,0.04404850655777136
SYN_104,1,26,female,familiarity,26.61286857555944,0.07241311259096275,-0.050808410791056705
SYN_104,2,26,female,brand,2.224267297502209,-0.16281484654074307,-0.0517265713380909
SYN_104,3,26,female,brand,11.850561291856962,0.1613380117847115,0.03201900786064516
SYN_104,4,26,female,familiarity,2.999028910760738,0.6506330125074975,0.07182933713076475
SYN_104,5,26,female,price,18.697340148398396,0.5088033201813444,0.002022949981361288
SYN_105,1,23,Female,familiarity,9.8532145703683,-0.2160172054088162,-0.0036603511641991812
SYN_105,2,23,Female,price,21.69778186763872,0.18251867855256493,-0.01881699439343645
SYN_105,3,23,Female,price,3.828372540364992,0.05524159547213617,-0.009324980070831313
SYN_105,4,23,Female,familiarity,58.18958537873077,0.8004079390495483,-0.015509932059695981
SYN_105,5,23,Female,brand,3.1497949621239485,0.44966001788417254,0.033865536100085664
SYN_106,1,29,Female,familiarity,15.51529277064149,0.3821825062283487,-0.030572284527539177
SYN_106,2,29,Female,brand,4.561828545539756,-0.2780818340568994,-0.07437234618404134
SYN_106,3,29,Female,brand,6.29768690357006,-0.25211515753994995,-0.043326492516592055
SYN_106,4,29,Female,familiarity,8.311172012231838,-1.0325034968348281,0.06817953527037993
SYN_106,5,29,Female,brand,2.526805499790337,0.520697534509774,-0.043750405085888365
SYN_107,1,32,Female,Price,14.862898314078508,0.01965666328307336,-0.0490577370363465
SYN_107,2,32,Female,brand,10.693637089708883,0.07437952411482984,0.003294783784747936
SYN_107,3,32,Female,price,5.059412244802521,-0.3870493124395047,-0.10247069637738744
SYN_107,4,32,Female,familiarity,9.237509267591895,-0.3724242905345227,-0.08877557874785234
SYN_107,5,32,Female,price,59.72448859006246,-0.844108090210024,0.09890112752448038
SYN_108,1,19,male,familiarity,11.4650419829214,0.4433470096184845,-0.00034976935541838547
SYN_108,2,19,male,brand,2.866746637501209,0.3022178072049475,0.05392912395774329
SYN_108,3,19,male,price,10.761101422005336,-0.42234924102536575,-0.1278437937842427
SYN_108,4,19,male,familiarity,6.169829164510629,-0.1948022133554821,0.02720648324664912
SYN_108,5,19,male,familiarity,5.955466801110156,-0.3807066251132766,0.03390949044274308
SYN_109,1,19,Female,Price,5.1763440518394095,0.6264487325588737,-0.05903083171054305
SYN_109,2,19,Female,brand,6.525533782041566,0.01843358836964895,0.004117562349504285
SYN_109,3,19,Female,price,8.212639069301494,0.03496324744732332,-0.018499511181763732
SYN_109,4,19,Female,familiarity,6.916775144081484,-0.4559580337708639,-0.05498975644824182
SYN_109,5,19,Female,familiarity,3.120599180135305,0.2833311249046485,-0.0007956971961196966
SYN_110,1,21,Female,familiarity,2.1037210553527426,0.2699485759871764,0.003679966670774821
SYN_110,2,21,Female,brand,5.257708988095387,0.3296119067540803,0.009405217128123686
SYN_110,3,21,Female,brand,35.357532983728184,0.005129923657322875,-0.00600511127629643
SYN_110,4,21,Female,brand,11.806245877051806,0.6113617223443251,-0.015493239310213453
SYN_110,5,21,Female,familiarity,2.7225573506103515,0.6159757238540842,0.03540186275811201
SYN_111,1,20,Female,familiarity,8.86099005118417,0.6754187026670869,-0.02049957450018819
SYN_111,2,20,Female,brand,6.358210576039415,-0.5708595955353066,-0.10882754163926914
SYN_111,3,20,Female,brand,18.297571832365655,-0.11995438303179634,-0.0682653435993418
SYN_111,4,20,Female,familiarity,5.390842995604405,0.6548662868494376,0.06908126549529031
SYN_111,5,20,Female,price,9.94681697482321,0.3114620890188453,0.061557715084961113
SYN_112,1,27,male,familiarity,11.112641248345836,-0.656748038696613,0.00974126527553025
SYN_112,2,27,male,brand,4.049104365793872,0.44614969173522817,0.06120158461388585
SYN_112,3,27,male,brand,15.120195466727251,-0.23729687817373502,-0.08448958393281991
SYN_112,4,27,male,familiarity,3.588080941316818,-0.15395151056317796,-0.08528504243115742
SYN_112,5,27,male,brand,4.5095818683915905,0.265532175120939,0.021137986042509996
SYN_113,1,21,Female,familiarity,19.801034222715277,0.3712970267390756,-0.030952282165555997
SYN_113,2,21,Female,brand,9.612244241125467,-0.2544498672878551,-0.03926950925535195
SYN_113,3,21,Female,price,2.0817915989907654,0.11090897699820532,0.007115373236108946
SYN_113,4,21,Female,brand,6.893618449468971,1.2319323062496972,0.011706504375025378
SYN_113,5,21,Female,familiarity,7.174833308405187,0.6800858285904312,0.042379481257325276
SYN_114,1,28,male,familiarity,8.267904364168578,-0.27601927815004235,-0.07929681374349665
SYN_114,2,28,male,brand,3.353643527096311,-0.17957666116651583,-0.03597818626668195
SYN_114,3,28,male,brand,5.885286960238277,-0.16149131492741747,0.015843798599110274
SYN_114,4,28,male,familiarity,7.427022393619517,-0.3240845787102224,-0.002007209367694822
SYN_114,5,28,male,familiarity,2.306859013278575,-0.004745777971065457,-0.006687243766752607
SYN_115,1,27,Female,familiarity,11.427460554194635,-0.8619146253874392,8.920714100247576e-05
SYN_115,2,27,Female,brand,4.378392624089254,0.26557457838745874,-0.011880673065930658
SYN_115,3,27,Female,brand,56.83470826723946,0.2517725368570768,0.038545703454022084
SYN_115,4,27,Female,familiarity,17.35185558133906,0.9457004547219348,0.11093565622817415
SYN_115,5,27,Female,familiarity,3.5730422200182774,0.3069746309231726,0.030834423387919977
SYN_116,1,19,Female,Price,7.522147092265741,0.35886247454120146,-0.028361921887130725
SYN_116,2,19,Female,brand,15.532808332522556,-0.08288678311113151,-0.03091415226893696
SYN_116,3,19,Female,brand,7.76378978752386,-0.34419331997251584,-0.0903158858474115
SYN_116,4,19,Female,familiarity,4.097508460388098,0.4756610671951565,0.030726411811835386
SYN_116,5,19,Female,price,4.746255377656669,-0.29816628793951727,0.05696440053874341
SYN_117,1,28,Female,Price,1.6662443456637093,0.009878193162326576,-0.015013363944374594
SYN_117,2,28,Female,brand,9.802748753339799,-0.14374802084408356,-0.05574351654344499
SYN_117,3,28,Female,brand,5.639591718348942,-0.204041754473423,-0.05075975921165289
SYN_117,4,28,Female,familiarity,17.23202807093491,0.2379705733570493,-0.09529455799808673
SYN_117,5,28,Female,familiarity,8.275125822398865,-0.061465137319214935,0.08660834425934637
SYN_118,1,22,female,brand,0.9728087600598807,0.22671475338000507,0.02291887796452217
SYN_118,2,22,female,brand,5.5078625254655025,0.175069167879272,-0.017247452942542568
SYN_118,3,22,female,price,8.260211620692347,-0.34743540373980675,-0.067934471816824
SYN_118,4,22,female,familiarity,6.4809494227525715,-0.04325243612936347,0.12782931364493688
SYN_118,5,22,female,brand,6.198343586170334,0.6778487446134477,-0.03996042279327386
SYN_119,1,20,male,brand,5.261649575826397,0.010364430170918967,-0.015296205434221444
SYN_119,2,20,male,brand,10.416252715421594,0.45637861528501955,0.048678876743604826
SYN_119,3,20,male,price,4.254534499210063,-0.30390844875187795,-0.031105527163064722
SYN_119,4,20,male,familiarity,7.957397723777791,0.8668752130395792,0.020717251094105188
SYN_119,5,20,male,brand,6.35124149566701,0.6103372819306074,0.008207102563960508
SYN_120,1,24,Female,familiarity,14.820400276582118,0.3546195635115507,0.027448405725495468
SYN_120,2,24,Female,brand,3.817391227480513,0.2538031098519571,-0.00714376741832759
SYN_120,3,24,Female,price,23.28578190090008,0.18871763108485004,0.0152569085707553
SYN_120,4,24,Female,brand,8.415307398293285,0.9381319632446582,0.003685782218880926
SYN_120,5,24,Female,price,5.4535671938435755,0.4906104522480753,0.012648527913279587
SYN_121,1,30,Female,familiarity,1.8101783363680513,-0.29660442503656803,0.04888149738859279
SYN_121,2,30,Female,brand,3.043935921733892,0.45839906163234395,0.04003707890105854
SYN_121,3,30,Female,brand,3.499417120026366,0.15015045769572138,0.015119767897041485
SYN_121,4,30,Female,familiarity,11.519992564233064,-0.5960389993643069,-0.056345511890242686
SYN_121,5,30,Female,price,8.477588663115364,-0.3962090323111598,0.06908349555725185
SYN_122,1,20,female,Price,19.787238305681186,0.25775519326650165,-0.049630534000522836
SYN_122,2,20,female,price,24.34359808321564,-0.2793559295895932,-0.04892529107148223
SYN_122,3,20,female,brand,4.64490364842237,0.07675411087832236,-0.0047046696696056226
SYN_122,4,20,female,familiarity,33.882206068188104,-0.41665409394199526,0.07784537799903282
SYN_122,5,20,female,familiarity,11.829372857632507,0.2962619862752326,0.04997106797687254
SYN_123,1,22,male,familiarity,9.247994319228487,0.04068007096112499,-0.06393921702380201
SYN_123,2,22,male,brand,8.240263137530237,0.4373602687050047,0.05751256836877217
SYN_123,3,22,male,brand,2.751018774206546,-0.045654562313758924,-0.01534131675839108
SYN_123,4,22,male,familiarity,20.14398476158873,0.0846932998725945,0.054065807105053265
SYN_123,5,22,male,brand,4.294346396278333,0.3584051935618799,0.062028096080608726
SYN_124,1,20,Female,familiarity,8.87215132665784,0.30567503620942676,0.017375196100975907
SYN_124,2,20,Female,brand,18.826848329246218,0.17355794236532499,0.04560163742746418
SYN_124,3,20,Female,price,0.9347777285866872,0.10527865457788037,-0.005083801186216398
SYN_124,4,20,Female,familiarity,11.97576357277907,-0.5411621493904284,-0.055054687771011426
SYN_124,5,20,Female,price,2.8733139119094084,-0.3803033909994427,0.06833382190389074
SYN_125,1,19,female,familiarity,12.456097338213773,-0.09451210196666879,-0.06580576077425897
SYN_125,2,19,female,brand,4.506038744929834,-0.23851116949242038,-0.060276842367877594
SYN_125,3,19,female,price,7.965896411007622,0.1693757241174071,0.03577981282165839
SYN_125,4,19,female,familiarity,12.277649654729029,-0.5036450492366413,-0.054772058166025976
SYN_125,5,19,female,price,2.664692054452511,-0.14398149250853548,0.026988003212980005
SYN_126,1,26,Female,familiarity,5.227307026604212,-0.6146491401547612,-0.09621828558251846
SYN_126,2,26,Female,brand,9.155645100100058,0.20472067881218425,0.028732197575123027
SYN_126,3,26,Female,price,1.3138857055339108,-0.45715943207610904,-0.06647143617984905
SYN_126,4,26,Female,familiarity,5.964760580934615,-1.068163073608018,0.0021102034353505383
SYN_126,5,26,Female,brand,1.8908540522907213,0.2342888285351912,0.028655213158659272
SYN_127,1,21,Female,brand,13.848316097925576,0.06693716271985556,-0.08690316033665574
SYN_127,2,21,Female,brand,7.976300238361186,0.566902947073637,0.06064041643300079
SYN_127,3,21,Female,price,12.50988863225683,-0.29044277372388383,-0.07346375164024288
SYN_127,4,21,Female,familiarity,2.715019631539985,0.4371998578416086,0.04887685324153719
SYN_127,5,21,Female,price,2.455574365623104,0.42712800432147346,0.029803449331482906
SYN_128,1,23,male,familiarity,1.4129376961172304,0.3119746138115803,0.05332838707141238
SYN_128,2,23,male,brand,8.182779559902965,0.22527775853588533,0.008715868738738572
SYN_128,3,23,male,price,5.151965410368415,0.025826827743321373,-0.02405376819183864
SYN_128,4,23,male,familiarity,10.43164495182562,-0.4149866161181134,0.07869792467055439
SYN_128,5,23,male,familiarity,42.26166817544699,-0.16961410683815142,0.08362957765128219
SYN_129,1,19,Female,familiarity,5.0001510205897794,0.7479386995166548,0.04472342226970182
SYN_129,2,19,Female,price,5.735604544955939,0.25739314174769234,0.045217458544397564
SYN_129,3,19,Female,price,4.608256597087691,-0.11376529293093507,-0.04655303705204039
SYN_129,4,19,Female,familiarity,17.367790379535975,-0.641689937470913,0.00713183658986509
SYN_129,5,19,Female,price,2.692987079143014,0.6157990526003225,0.06093457031252108
SYN_130,1,22,male,Price,6.325522052249524,0.43565971409144166,-0.022512449733940204
SYN_130,2,22,male,brand,4.107861996728052,-0.5027550530465108,-0.14681515430428613
SYN_130,3,22,male,brand,8.790027091492513,0.14650886987264342,0.008123724243252521
SYN_130,4,22,male,familiarity,3.879661074174136,0.2940672867589927,0.06063796440576079
SYN_130,5,22,male,familiarity,3.5890416743990436,0.28477480023078705,0.05112409566800916
SYN_131,1,25,Female,familiarity,4.456079054177553,-0.04206256198659361,0.034558069605956004
SYN_131,2,25,Female,brand,8.044235242662749,-0.05526168568043649,-0.033115131603263764
SYN_131,3,25,Female,brand,20.79235394209463,-0.4815236415440331,-0.10027753975999232
SYN_131,4,25,Female,familiarity,2.752386308659826,-0.09298281465958655,0.07900552413966819
SYN_131,5,25,Female,familiarity,40.40958718593182,-0.18924474876331215,0.0618963250068036
SYN_132,1,26,Female,familiarity,22.59672280775926,-0.32181856968553524,-0.06350464744557338
SYN_132,2,26,Female,brand,14.742901901389356,0.21035612851291513,0.029682003256888898
SYN_132,3,26,Female,price,3.0625791172747947,-0.29580396008467547,-0.07834595495784466
SYN_132,4,26,Female,familiarity,12.617370473273661,0.12711703560086035,0.053875742477476854
SYN_132,5,26,Female,familiarity,18.101052890189454,0.23430111404200776,0.013769671968947659
SYN_133,1,21,female,brand,1.7320017520886362,0.3151856181274395,0.09058491403081402
SYN_133,2,21,female,price,1.3374150802809914,-0.3332979460374058,-0.057966219407009405
SYN_133,3,21,female,price,2.7605829598476053,-0.044065200270883516,-0.016414854092360088
SYN_133,4,21,female,familiarity,2.1475019568758076,-0.3532390248833774,-0.1226161602305919
SYN_133,5,21,female,brand,3.541076537341181,-0.4115342996641321,0.07669420498601673
SYN_134,1,20,Female,Price,2.7096691163105393,0.4619713207104208,0.020538813048635515
SYN_134,2,20,Female,brand,4.894416218481232,-0.17877796315364577,-0.05929984547535175
SYN_134,3,20,Female,brand,4.258782492644473,-0.16517432653440783,-0.06385487981082262
SYN_134,4,20,Female,familiarity,14.596637189849146,-0.6815820864946731,0.0019101884592577986
SYN_134,5,20,Female,price,3.3568344236097425,0.05793104044398309,0.06974310500325537
SYN_135,1,20,female,Price,4.692033696030297,-0.09268490795601034,-0.056020042961632
SYN_135,2,20,female,brand,6.808992592598145,0.0018320528027743685,-0.01960926314909752
SYN_135,3,20,female,price,7.9357042315501,0.15960863192150268,0.027235848249777057
SYN_135,4,20,female,brand,12.569780252109517,1.2552703823062767,0.0764294206509373
SYN_135,5,20,female,price,4.128031038813957,-0.6160033051027165,0.07523309367178582
SYN_136,1,25,female,familiarity,23.919974858867274,0.5373686205223861,0.03986151175372282
SYN_136,2,25,female,brand,10.56329170209452,-0.20957778729920656,-0.05054952623983669
SYN_136,3,25,female,brand,4.514971051659149,-0.1084566544684081,-0.03439208002437813
SYN_136,4,25,female,brand,4.779477886411969,0.6202035922557071,0.008837719951903876
SYN_136,5,25,female,familiarity,3.5455484340380434,0.8776812345052205,-0.020725893983424074
SYN_137,1,29,female,familiarity,3.358624666017344,0.7021203864032992,0.07395063793776213
SYN_137,2,29,female,brand,1.273039590905709,0.4194289256027015,0.03802541268000079
SYN_137,3,29,female,brand,10.8666000165018,-0.13070903931389233,-0.03177261380620629
SYN_137,4,29,female,familiarity,8.903402119530625,1.1269083468902843,0.05483169220700211
SYN_137,5,29,female,familiarity,2.5633121793250666,0.26066857467606047,0.05460952878435825
SYN_138,1,28,Female,familiarity,10.35007754400954,0.4796327537094439,0.07334748207386499
SYN_138,2,28,Female,price,2.361207216828308,0.40404181719222504,0.01525574184253485
SYN_138,3,28,Female,price,13.622670431516058,0.1527133952781129,0.016385934264943298
SYN_138,4,28,Female,brand,2.571344834828981,0.2582927779158133,-0.004304937730689141
SYN_138,5,28,Female,price,2.9419151785780002,0.44146402443324845,-0.007335350115693847
SYN_139,1,21,male,Price,21.221383544578003,0.11755002856979865,0.021338742023644778
SYN_139,2,21,male,brand,19.94593225710481,0.3010345988687678,0.03900822076176175
SYN_139,3,21,male,price,5.681054085522155,-0.19660159346564365,-0.039452110439611596
SYN_139,4,21,male,familiarity,14.32783495629976,-0.019533506387294564,-0.007503472903376211
SYN_139,5,21,male,familiarity,3.406502787675545,0.27517420375189977,0.0061157036423823904
SYN_140,1,28,Female,familiarity,7.2690869898023305,0.0564976684971763,0.0704192404746313
SYN_140,2,28,Female,brand,20.668229387032817,-0.5668138338897142,-0.09444002745645519
SYN_140,3,28,Female,price,24.909924533257318,0.04326613063115489,-0.018461451093590396
SYN_140,4,28,Female,familiarity,2.487205604042908,1.2615104972503,0.05984252317435744
SYN_140,5,28,Female,price,1.1066043510076522,0.657998102135618,0.020205492096923128
SYN_141,1,18,male,Price,1.5600425339344213,0.22736710700161428,-0.034370140145211135
SYN_141,2,18,male,brand,1.6321625501314978,0.3646594185722636,0.025534888916710168
SYN_141,3,18,male,price,10.065135149827002,-0.05432697582648083,-0.02460244041433194
SYN_141,4,18,male,familiarity,1.6567370299401882,-0.2572301364152796,-0.009851113149448865
SYN_141,5,18,male,familiarity,10.251862558278694,0.5589215553977411,-0.030989851082074638
SYN_142,1,21,Female,familiarity,2.622408962959217,0.013832161947934185,0.044273889260669344
SYN_142,2,21,Female,brand,8.0774411796726,0.05709772262135725,-0.024320396937651305
SYN_142,3,21,Female,price,5.28061960748912,-0.36000505130156946,-0.09318897223415631
SYN_142,4,21,Female,familiarity,1.8730944933798637,0.7262826480043225,0.02211324699424924
SYN_142,5,21,Female,familiarity,2.6284485125329167,-0.03945412040457036,0.07016099540315769
SYN_143,1,22,male,Price,0.8389487822928056,-0.3384436734651659,-0.052099709658390315
SYN_143,2,22,male,brand,6.526785200532188,0.06422241916640012,-0.03235672636096393
SYN_143,3,22,male,price,2.855075770436924,-0.25167271144466036,-0.06016002416577032
SYN_143,4,22,male,familiarity,5.95525377672328,0.39617330461270434,0.11290473173975318
SYN_143,5,22,male,familiarity,5.790226800139484,0.19789694704918043,0.025726754123237515
SYN_144,1,19,female,familiarity,11.135281404041327,0.1745217670708699,0.02815610802177134
SYN_144,2,19,female,brand,1.9633447978164202,0.2932043242883634,0.05248343611521347
SYN_144,3,19,female,price,6.379614071728292,-0.29308784316418357,-0.05435546922611793
SYN_144,4,19,female,brand,9.475043702773851,0.3045227560804882,-0.01007900180988206
SYN_144,5,19,female,familiarity,5.665030745714282,0.5423970263572317,0.04608750005109893
SYN_145,1,23,Female,familiarity,2.0415175677257693,-0.19125600276041674,0.006980899551998456
SYN_145,2,23,Female,brand,5.723750042787058,0.19025144522619555,0.01801136275995532
SYN_145,3,23,Female,brand,3.5295371223508716,-0.03463989780911401,-0.002705543823877491
SYN_145,4,23,Female,familiarity,16.82115514676714,-0.7780281425814075,0.0031373023605777844
SYN_145,5,23,Female,familiarity,10.549000181342027,0.28058137192357413,0.044510420466624984
SYN_146,1,20,Female,brand,5.976875760090631,-0.1428208817020157,-0.06639957302974679
SYN_146,2,20,Female,brand,8.717558508377593,-0.3906638404526773,-0.05271296617392339
SYN_146,3,20,Female,price,11.106415686638515,-0.031860957512954015,-0.05946757955837367
SYN_146,4,20,Female,brand,7.097708233051514,0.766882312848936,-0.00042490228797809754
SYN_146,5,20,Female,price,2.831583665208348,0.6080031648834789,0.003795942428818526
SYN_147,1,27,Female,brand,1.2747770324848349,0.411112674345962,0.07456061125706026
SYN_147,2,27,Female,brand,10.31440315410629,0.17912129704993868,0.030698827615151577
SYN_147,3,27,Female,price,3.9842257132790846,-0.30491536616824233,-0.05388371799166573
SYN_147,4,27,Female,familiarity,6.497374440580191,-0.9073843734899016,0.03908192550459185
SYN_147,5,27,Female,familiarity,11.784520428229339,0.6084342815672517,0.009601687556188156
SYN_148,1,20,male,Price,22.93373750295585,0.056888907449785225,-0.07382865980141858
SYN_148,2,20,male,brand,2.0957443353417546,-0.04292264708475642,-0.03310643480182761
SYN_148,3,20,male,price,1.243921141821162,0.0732327387279947,0.00938130135253638
SYN_148,4,20,male,familiarity,9.171096170163826,-0.24877536099867184,0.11150003125666783
SYN_148,5,20,male,familiarity,19.026461921291258,0.43004605730525536,0.04120662935803146
SYN_149,1,19,Female,brand,2.121477403133286,-0.005292658365374393,-0.07999198025503516
SYN_149,2,19,Female,price,14.721232303561553,-0.1484598870232649,-0.06605428645058867
SYN_149,3,19,Female,brand,4.356323542757092,-0.2209162855264788,-0.03293704675324685
SYN_149,4,19,Female,familiarity,6.219381482101288,-0.35348262552504056,0.005243203808682997
SYN_149,5,19,Female,familiarity,8.153620845852434,-0.028564424236278863,0.07019905027118445
SYN_150,1,23,female,brand,36.84149237491388,-0.014527982161928188,0.017166309204568613
SYN_150,2,23,female,brand,20.53682759346421,-0.4078026295292923,-0.05581934313022657
SYN_150,3,23,female,price,8.567970894556776,-0.37526116184732805,-0.0537319249169174
SYN_150,4,23,female,brand,3.7409874038626945,-0.43442054853730994,0.04267152921761022
SYN_150,5,23,female,brand,9.952766681617858,-0.1933697941866315,0.08401180187539077
SYN_151,1,20,Female,brand,7.122293140988232,-0.255132038326231,0.011735137688032415
SYN_151,2,20,Female,price,11.32463885633679,0.08515823792347883,0.01280001073098637
SYN_151,3,20,Female,brand,1.0544973861874591,0.23498927936101988,0.020332488238991617
SYN_151,4,20,Female,familiarity,3.528623280745507,-0.8528171251019163,-0.0894218646134319
SYN_151,5,20,Female,familiarity,2.5103398753865753,0.27747224847098323,0.028802324319557596
SYN_152,1,20,Female,brand,5.93716105207205,-0.11651198252115808,-0.03190491107087995
SYN_152,2,20,Female,brand,1.6163183095567495,0.39409456274017673,0.05739450557900437
SYN_152,3,20,Female,price,10.914013942334766,-0.04953138319384531,-0.016926489296504803
SYN_152,4,20,Female,familiarity,16.49121234305503,0.5046577200512204,0.011613660775557665
SYN_152,5,20,Female,brand,6.099774732519109,0.2579885662390491,-0.0008636429202652117
SYN_153,1,29,Female,brand,26.72914295239117,0.12010819345910989,0.016017593261191704
SYN_153,2,29,Female,brand,6.834894147484681,-0.48431250646138113,-0.07872197966156322
SYN_153,3,29,Female,price,5.43745349586855,-0.2711407233110198,-0.027757920565143472
SYN_153,4,29,Female,familiarity,2.9083319363797973,-0.43586755023008467,0.06539035212048
SYN_153,5,29,Female,familiarity,2.9879824597809925,-0.14724371407424583,0.05799858811153287
SYN_154,1,27,Female,familiarity,2.0657385476704846,0.6370874497945381,0.027663202675815787
SYN_154,2,27,Female,brand,4.273160218048835,-0.22597708213003026,-0.054397028324188565
SYN_154,3,27,Female,price,2.5081887658025286,-0.305634654680326,-0.06395768718854512
SYN_154,4,27,Female,familiarity,2.3529086039412745,0.4055680233339998,0.0048882828637015555
SYN_154,5,27,Female,price,14.576985846984773,0.36641840852202173,0.022775774072170005
SYN_155,1,19,Female,Price,7.005376293532258,0.2188610537879952,-0.0010190361572898765
SYN_155,2,19,Female,brand,9.383808107038178,0.7819473546006303,0.09685206755925102
SYN_155,3,19,Female,price,4.2054356572988,-0.03644448668913543,-0.019568593253486484
SYN_155,4,19,Female,brand,0.989370644694094,0.04239465267406978,-0.03314441389680908
SYN_155,5,19,Female,brand,18.177093756401515,-0.5015995039151453,0.07234269990432605
SYN_156,1,23,Female,familiarity,6.353459693974138,-0.23584462023113142,-0.05468784225793263
SYN_156,2,23,Female,price,6.726710133115526,-0.35697321278454985,-0.06668138694364975
SYN_156,3,23,Female,brand,0.6387550230695227,-0.2614681043146534,-0.02935425582770589
SYN_156,4,23,Female,familiarity,11.367685808732476,0.5575420874127015,0.02297059401347385
SYN_156,5,23,Female,familiarity,0.49693383462289914,-0.013757307628900595,0.055239139162956336
SYN_157,1,30,Female,brand,2.4800306252405195,-0.2210120423178727,-0.04948122455604761
SYN_157,2,30,Female,brand,1.5373024958455284,-0.1108253263313464,-0.04049613724098188
SYN_157,3,30,Female,brand,12.108882772718376,-0.2399247068480624,-0.08284729623199366
SYN_157,4,30,Female,familiarity,1.528921570086026,1.8267429174874357,0.11021362317303075
SYN_157,5,30,Female,brand,6.536598433407168,0.003322212833295146,0.06362108316475192
SYN_158,1,21,Female,brand,1.684138621494224,0.6248025194926026,0.02948080261840548
SYN_158,2,21,Female,brand,14.855103497307613,-0.13595320701747002,-0.06120059862467858
SYN_158,3,21,Female,price,17.062218752010416,0.05195295164868129,-0.022976889682536576
SYN_158,4,21,Female,familiarity,4.403782029814399,-0.9349364534382558,-0.12797212542318676
SYN_158,5,21,Female,familiarity,7.082537510060258,0.5088692843557081,-0.024944646414571312
SYN_159,1,23,male,Price,0.48528413380536933,0.5324042007896744,-0.020463347781371488
SYN_159,2,23,male,brand,9.173667658759587,-0.08289508470194054,-0.04775098934121361
SYN_159,3,23,male,brand,0.5126872521444448,-0.05654173544256172,-0.026515971155283882
SYN_159,4,23,male,familiarity,1.2079134188444303,-0.3069746240444644,-0.02957473307025941
SYN_159,5,23,male,price,1.3783095188969194,0.3030988067523508,0.033408608591082065
SYN_160,1,20,Female,Price,2.224339892324688,0.1626563396057823,0.007728603909830687
SYN_160,2,20,Female,price,2.1899750261972435,0.3641633503830404,0.05864016876556569
SYN_160,3,20,Female,price,17.21597073557967,-0.09226001574575249,-0.04391774231166315
SYN_160,4,20,Female,familiarity,9.525175328552494,0.019363365885540162,-0.07779365826946258
SYN_160,5,20,Female,brand,5.881866596955684,0.010296542179346058,0.01444262255223553
SYN_161,1,23,Female,familiarity,5.864465727396551,0.6318595056256795,-0.007235125423009046
SYN_161,2,23,Female,price,16.07665542960051,-0.05371239758100542,-0.04201989484173325
SYN_161,3,23,Female,price,3.52159920500253,-0.3183128911744082,-0.05565897407862223
SYN_161,4,23,Female,brand,3.4879941610409904,0.705503505743229,0.05481101923404584
SYN_161,5,23,Female,familiarity,9.382373526608344,0.24393765208178672,0.05206743269720874
SYN_162,1,23,Female,brand,31.640595937361173,-0.0629115906841041,-0.09530705187023925
SYN_162,2,23,Female,brand,6.440567585556476,0.42867289763792205,0.07104965625638916
SYN_162,3,23,Female,price,2.447429840277176,-0.10690835247561754,-0.06141050126782381
SYN_162,4,23,Female,brand,3.6344268381608686,0.18960309667369968,0.07397071944573076
SYN_162,5,23,Female,familiarity,2.897720471902954,0.4723084763135118,0.017966645292019433
SYN_163,1,32,Female,familiarity,5.717391971689714,0.012681910011619231,-0.07651585399748698
SYN_163,2,32,Female,brand,2.574059306177477,0.10131164819007674,0.017956257492881815
SYN_163,3,32,Female,price,1.6747522028732948,-0.04442471989482305,-0.009486214441547649
SYN_163,4,32,Female,familiarity,2.199865697949728,-0.15889029172034394,0.060164760728137937
SYN_163,5,32,Female,brand,26.11265764902375,-0.5890208236206995,0.049995769659338066
SYN_164,1,24,male,familiarity,9.022067311157269,-0.5912330250504566,0.00022465963202953276
SYN_164,2,24,male,brand,1.9016439640788445,0.014379413070259132,-0.03819235937253962
SYN_164,3,24,male,brand,4.152600314713521,-0.21768645250964058,-0.010875203360698919
SYN_164,4,24,male,familiarity,39.91693276487439,-0.0005330278590484072,0.09415337345216512
SYN_164,5,24,male,brand,5.1974055318097525,0.3001888826954494,0.013071279778397858
SYN_165,1,20,Female,brand,7.805256392082699,-0.6689092573225066,-0.024696941703828294
SYN_165,2,20,Female,brand,1.481545206838269,0.476216287385097,0.056745187500665165
SYN_165,3,20,Female,price,12.161692895853962,0.06371191145503734,0.016893846054834395
SYN_165,4,20,Female,brand,5.9873493186402005,0.6982518965408503,-0.013084425014351463
SYN_165,5,20,Female,brand,2.7991407198186002,0.2330041754645872,-0.0016438770982058265
SYN_166,1,19,Female,brand,1.3378154004598515,-0.06319763721156874,-0.02462124186620468
SYN_166,2,19,Female,price,11.57672425513005,0.22314715752392095,0.04186450425352354
SYN_166,3,19,Female,brand,3.675380177967939,-0.05073600113774464,-0.026906734219069577
SYN_166,4,19,Female,familiarity,4.8364604320868185,0.13168049042973773,0.06008245370714419
SYN_166,5,19,Female,familiarity,24.16071942948786,0.5256277524843882,0.021792452534517143
SYN_167,1,24,Female,familiarity,5.62688881535025,0.31833495395522504,-0.05379351665480013
SYN_167,2,24,Female,brand,1.73159724023817,0.0958238010389318,0.013258153896386134
SYN_167,3,24,Female,price,6.0696235981572775,-0.24399215821014358,-0.039101023762211626
SYN_167,4,24,Female,brand,11.09750210895301,0.01908737589783588,0.09981500699745877
SYN_167,5,24,Female,familiarity,1.5800162791003827,0.05169413971282266,0.0522568814893305
SYN_168,1,19,female,familiarity,3.1473131594245136,-0.12737416035594204,-0.01679653635443818
SYN_168,2,19,female,brand,3.1161033069085886,0.12650790814624502,0.007035086994179748
SYN_168,3,19,female,price,9.694047078563367,-0.20979805355033038,-0.0404693410462343
SYN_168,4,19,female,familiarity,4.879189916800388,-0.6476525524384117,-0.048330658537887775
SYN_168,5,19,female,brand,3.1945564746431376,0.2240733699243679,0.03738375863462308
SYN_169,1,18,female,brand,3.4094534878683618,0.20798295464918398,-0.004057777644400046
SYN_169,2,18,female,price,6.126143021870174,0.44304620168724584,0.05037701353564848
SYN_169,3,18,female,brand,5.174881733993994,-0.10085498077953506,-0.01922134482093607
SYN_169,4,18,female,familiarity,6.485703197621915,1.5230188910626543,0.1103051369354008
SYN_169,5,18,female,price,2.5269231842578357,0.08916143283261191,0.04724206986007479
SYN_170,1,30,male,familiarity,5.015587289737156,-0.232543758636923,-0.006312806520528957
SYN_170,2,30,male,brand,13.004849122610498,0.3371470306333333,0.032352850877403645
SYN_170,3,30,male,price,7.442733425455587,0.14270978752488683,0.01606900840907762
SYN_170,4,30,male,familiarity,11.252997901250856,0.5406111804197262,-0.0012355550470196097
SYN_170,5,30,male,familiarity,1.6513703440176293,0.3542159892994689,0.0681787923623213
SYN_171,1,21,Female,brand,4.632867135458713,-0.5796130280410705,-0.10669514671924342
SYN_171,2,21,Female,brand,5.742379862975762,-0.13516577940779875,-0.05578294186294814
SYN_171,3,21,Female,price,5.384035638928822,-0.20544856251244387,-0.03120213519676248
SYN_171,4,21,Female,brand,3.587933676624749,-0.07439535447064083,-0.06961684730063107
SYN_171,5,21,Female,brand,1.7668231571351578,0.4872266550516048,0.02112992257338517
SYN_172,1,18,female,Price,5.9004357342153435,0.47503507383333793,-0.0458414085939694
SYN_172,2,18,female,brand,16.09315297549483,-0.10414281273668252,-0.04813461109154546
SYN_172,3,18,female,price,11.825196049313588,-0.5046612126662444,-0.06916203494555348
SYN_172,4,18,female,familiarity,7.069065676471128,1.7025337362029829,0.14959793185253392
SYN_172,5,18,female,familiarity,7.0867093736986195,0.6505124513402755,0.007115121160741637
SYN_173,1,28,Female,familiarity,1.6473844785422056,-0.23631513528179648,-0.0002942355862667074
SYN_173,2,28,Female,brand,2.0084767755332686,-0.34886571688835744,-0.07466092161342007
SYN_173,3,28,Female,brand,3.626262112731554,-0.18823797903783496,-0.061021707686795545
SYN_173,4,28,Female,familiarity,7.684320959979156,-0.18772045382342822,-0.0033737039241892516
SYN_173,5,28,Female,familiarity,14.582088884593475,0.8665186613400537,0.02464169472675122
SYN_174,1,23,Female,brand,31.23153813990564,0.37691136932982827,-0.02627566651871103
SYN_174,2,23,Female,price,4.748800944945415,-0.28417285874675813,-0.06081868462305033
SYN_174,3,23,Female,brand,14.609762350386903,-0.3995032227928613,-0.05269319892403931
SYN_174,4,23,Female,familiarity,4.40829416784795,0.5486285380992284,0.09145969384704208
SYN_174,5,23,Female,familiarity,6.454451034240999,0.4577185270775486,0.008638797575417155
SYN_175,1,21,Female,familiarity,0.8917277461496264,-0.08653261684815222,-0.015908456487173463
SYN_175,2,21,Female,brand,0.8340720452395873,0.030220743756530936,-0.029728249919844078
SYN_175,3,21,Female,brand,2.4513510936627325,-0.27532958881294534,-0.08190770805287284
SYN_175,4,21,Female,familiarity,6.516260833650182,0.1597372537760972,0.11363865497625808
SYN_175,5,21,Female,familiarity,2.579675813474067,0.04984092292619868,0.0758721606549823
SYN_176,1,28,Female,familiarity,4.050804553391895,0.4354601987750441,-0.05668320210452006
SYN_176,2,28,Female,price,12.05299151053942,-0.052449803432943726,-0.01702008552796956
SYN_176,3,28,Female,price,2.650501336161937,-0.12158137340768885,-0.01744438865690056
SYN_176,4,28,Female,brand,1.514021476160846,0.33323872708228114,0.027932874807344202
SYN_176,5,28,Female,price,4.524001293556612,0.14412417157484206,0.05397471729038205
SYN_177,1,21,Female,familiarity,10.280592457534045,0.35734873473602474,-0.05638060002000797
SYN_177,2,21,Female,brand,10.293883689918859,0.1485511835594467,0.01365411188519922
SYN_177,3,21,Female,brand,5.24826447735956,-0.1950274175369888,-0.05071356621851551
SYN_177,4,21,Female,familiarity,3.7143934657696183,-0.4137364190765233,-0.055418925685692996
SYN_177,5,21,Female,price,6.445744110226573,0.11375099679182199,0.049508263656849544
SYN_178,1,28,female,brand,1.9334280768700551,-0.10473989146278007,0.030131854294126268
SYN_178,2,28,female,brand,3.597571041891433,-0.20821200446709287,-0.04937236790295151
SYN_178,3,28,female,price,1.8449168052307345,-0.3672893295764053,-0.04088766097605807
SYN_178,4,28,female,familiarity,6.639972803544598,1.384268181984436,0.1090326278591498
SYN_178,5,28,female,brand,19.312776338624566,0.4975287193492713,0.013546869330228695
SYN_179,1,19,Female,familiarity,38.632726976576585,0.3527954743309804,0.006027399469081946
SYN_179,2,19,Female,brand,9.841348928069136,-0.09326289748265576,-0.05786542490347715
SYN_179,3,19,Female,price,1.234468205905091,0.0446707229168277,-0.019140398147320565
SYN_179,4,19,Female,familiarity,11.09933434970073,0.63756978839273,0.00793565891445127
SYN_179,5,19,Female,familiarity,2.9059423979525443,-0.5573115356710955,0.08145068025314843
SYN_180,1,21,Female,familiarity,2.5124248754998817,0.1279105447821955,-0.0024165890045007576
SYN_180,2,21,Female,brand,5.940141251427211,0.27312606005447704,0.02960898452144145
SYN_180,3,21,Female,brand,2.787307414437031,-0.45732112385173324,-0.08638171343820036
SYN_180,4,21,Female,brand,7.801541808639284,-1.072137009888929,-0.04514230285512569
SYN_180,5,21,Female,familiarity,3.2695876015261347,-0.19442367649467132,0.04178076615104423
SYN_181,1,26,Female,Price,2.429819265457466,-0.15592313576326172,-0.08079335373671909
SYN_181,2,26,Female,brand,15.374282802263064,0.42132534744988853,0.016408035818063306
SYN_181,3,26,Female,price,5.714992639934525,0.2182148823561155,0.03791424746292374
SYN_181,4,26,Female,familiarity,7.75078964368782,0.8494925422534938,0.08832670978376778
SYN_181,5,26,Female,familiarity,6.592444640446824,0.2058609617055052,0.06628152970258702
SYN_182,1,18,female,familiarity,21.040437637924025,-0.7936900178499771,-0.09182831607771118
SYN_182,2,18,female,brand,3.2606099172569505,-0.03733526799311834,-0.011476445770790593
SYN_182,3,18,female,brand,3.5202757867802568,-0.1474007001327428,-0.022420668589308374
SYN_182,4,18,female,brand,5.522938419337518,-0.29650973508313594,0.12071815705249975
SYN_182,5,18,female,brand,23.75942319514923,0.2264806765952426,0.01452947494311222
SYN_183,1,26,Female,familiarity,5.02973460340623,0.4439106802778183,0.010780389184128897
SYN_183,2,26,Female,price,1.1591948857133023,0.12566952277851912,-0.012705120830370403
SYN_183,3,26,Female,brand,25.09023886720473,-0.03854763451745455,0.0038708853435445237
SYN_183,4,26,Female,familiarity,2.0874811658816164,-0.754961512893235,-0.07298300672559802
SYN_183,5,26,Female,brand,11.536380929130647,0.05938859055867235,0.03992975469524688
SYN_184,1,23,Female,Price,4.816039411013828,-0.38244762408746513,-0.008581783726362782
SYN_184,2,23,Female,price,2.7695931968159497,0.30794455000406884,0.057930094304994385
SYN_184,3,23,Female,price,2.426059325414607,-0.14359142366331126,-0.03144493970154633
SYN_184,4,23,Female,familiarity,1.6086284922753986,-0.6476147443044205,0.04808222311285133
SYN_184,5,23,Female,brand,10.259616174824998,0.36832421821370115,0.0675509508766825
SYN_185,1,29,Female,brand,2.525122525513778,0.3042100201476861,0.03626721145493989
SYN_185,2,29,Female,brand,1.0923061246956576,-0.078430620007309,-0.022722460348071773
SYN_185,3,29,Female,brand,7.906259258904785,0.22678928643389287,0.05224925465173556
SYN_185,4,29,Female,brand,2.1919617901461046,-0.13830259707386247,0.09788967502020757
SYN_185,5,29,Female,familiarity,6.866575492854243,0.47923649117624467,-0.010066305475748518
SYN_186,1,22,Female,Price,21.37962103958766,0.1834144886559474,-0.061935422881187405
SYN_186,2,22,Female,brand,2.5968613030629,-0.11013831691884707,-0.028082739550034444
SYN_186,3,22,Female,price,4.434998698053536,-0.0060804867752088,-0.027483748303195568
SYN_186,4,22,Female,brand,14.379311961202177,-0.009717280954027574,0.06348735240032341
SYN_186,5,22,Female,price,0.7968793923794899,0.1647750805423596,0.05522917572886921
SYN_187,1,28,male,brand,18.01731364279215,0.28225416390699193,-0.05081267470000111
SYN_187,2,28,male,brand,25.26605820151128,-0.2849490938205726,-0.06302425830992665
SYN_187,3,28,male,price,20.415697933375064,-0.3617639343430772,-0.05239115499585709
SYN_187,4,28,male,familiarity,5.698526327324071,0.8297638169252614,-0.023941826999990742
SYN_187,5,28,male,familiarity,2.523880833535973,0.25025489635041337,0.060148682254550265
SYN_188,1,21,female,familiarity,5.354897944697232,0.18493225822914847,-0.02125178378627232
SYN_188,2,21,female,brand,3.2454639451220064,-0.12851039680571485,-0.022195325612420075
SYN_188,3,21,female,brand,13.84376702995945,0.005689163640423151,-0.016195289241473065
SYN_188,4,21,female,brand,1.7500094927098502,-0.09175312235476651,-0.03878693390184898
SYN_188,5,21,female,price,1.8736720824967439,0.10779911649708368,0.018134085909448098
SYN_189,1,25,female,familiarity,3.8841144086768065,0.21623909976725414,0.00856123645972898
SYN_189,2,25,female,brand,2.7660407838570076,0.470430409295613,0.060405268324732114
SYN_189,3,25,female,brand,7.192158230604547,-0.33495089448624843,-0.05329171635686206
SYN_189,4,25,female,familiarity,3.2884844204482397,-0.030970393435022725,0.06717454758191095
SYN_189,5,25,female,price,11.855300848400162,0.6166464774029355,0.00913581134381572
SYN_190,1,22,Female,Price,7.330927914113093,-0.3501171184536913,0.006813102848967183
SYN_190,2,22,Female,brand,30.83898965550536,-0.13484784286817864,-0.051705729097995326
SYN_190,3,22,Female,price,4.735005722134981,-0.18487443989379632,-0.0641868578820678
SYN_190,4,22,Female,familiarity,13.78121269567459,-0.017570086886283476,0.01035410372724209
SYN_190,5,22,Female,price,3.20483031214053,-0.3886525187785369,0.07259200960389461
SYN_191,1,22,male,familiarity,13.307293935436544,0.5797569138000078,-0.007075304762545653
SYN_191,2,22,male,price,2.3649225233220825,0.614352356576399,0.0987684519151996
SYN_191,3,22,male,brand,4.560580983124993,-0.1491171960108984,-0.04509793782177919
SYN_191,4,22,male,brand,3.0399563637604667,0.11168812650923166,0.1403923186006308
SYN_191,5,22,male,price,15.388986208843882,-0.5313100465097772,0.052366391920681245
SYN_192,1,19,Female,Price,38.98217403973196,0.04003047463422193,-0.08570668846067823
SYN_192,2,19,Female,price,6.212941529305909,-0.15395168530437242,-0.027439988948363747
SYN_192,3,19,Female,brand,21.939154869472187,-0.42299233603894315,-0.08823325278084335
SYN_192,4,19,Female,familiarity,1.8836640159110014,-0.48984788063085477,0.09864027845098838
SYN_192,5,19,Female,familiarity,2.6865929675721,0.5306331041141807,0.00767214472262056
SYN_193,1,28,male,familiarity,9.875845482433089,-0.18366000210325711,-0.03822362301341357
SYN_193,2,28,male,brand,1.2144033176942113,0.285434756220744,0.0607879692437546
SYN_193,3,28,male,brand,12.340336920677023,-0.3488384215318999,-0.08217344675245486
SYN_193,4,28,male,familiarity,3.9346419807634696,0.9709256929351457,0.113139314885553
SYN_193,5,28,male,price,1.6981981294992796,0.13669165097267105,-0.022140229387243006
SYN_194,1,23,male,Price,4.071298250071132,-0.2979566777090767,-0.037803425413129664
SYN_194,2,23,male,brand,6.389904562287822,0.5924888946612304,0.0803476516438039
SYN_194,3,23,male,brand,3.765014175660842,-0.36621776412617,-0.05547539286318656
SYN_194,4,23,male,familiarity,4.133115119534496,-0.8646404583440643,0.03220524188668363
SYN_194,5,23,male,brand,4.480705595195742,0.41920098304130177,-0.02039637361205615
SYN_195,1,31,Female,Price,8.298302132934548,0.5521598670616951,0.04292436181010573
SYN_195,2,31,Female,brand,9.259307446419466,-0.36642421677622117,-0.07128809339044498
SYN_195,3,31,Female,brand,25.86398696619258,0.07562641762911927,-0.0017796121370020788
SYN_195,4,31,Female,familiarity,1.3429992634487924,-0.35597877753154067,-0.0710124007964881
SYN_195,5,31,Female,familiarity,2.267416021802746,0.25812736630594874,-0.006055456113466961
SYN_196,1,19,male,Price,2.9258223453358916,0.1689419476879785,-0.0016012056348379614
SYN_196,2,19,male,brand,4.553392154840002,0.20491419010799955,0.001929526633122139
SYN_196,3,19,male,brand,3.6335891312475,-0.2727317683815033,-0.0391927160705445
SYN_196,4,19,male,familiarity,14.45274814428815,1.3501374884618853,0.04385858659306765
SYN_196,5,19,male,price,1.6260224395860836,-0.1248497229873528,0.03603454383069467
SYN_197,1,27,female,brand,5.145935006186132,-0.5941026527830013,-0.032881921136040534
SYN_197,2,27,female,price,1.6527315624293477,0.22015337943577884,0.04201027223305605
SYN_197,3,27,female,price,13.851884305665807,-0.2536535700067238,-0.07642407600337922
SYN_197,4,27,female,brand,4.355432805123659,-0.037578634936408006,0.014644148542764635
SYN_197,5,27,female,familiarity,3.571209320083478,-0.012655666303473201,0.06072280338171583
SYN_198,1,20,female,Price,3.6773790915584317,0.5158013972517532,-0.01320002075167599
SYN_198,2,20,female,price,6.14914138010485,0.6808246341650572,0.06983477897290608
SYN_198,3,20,female,brand,2.6946213390858533,-0.03960301552369355,-0.02607737398629168
SYN_198,4,20,female,familiarity,4.205074863351226,-0.2631903243279675,-0.027034349195711183
SYN_198,5,20,female,familiarity,6.8140840774569025,0.16327525124622982,0.0481101498396517
SYN_199,1,22,female,familiarity,4.794191374868279,0.01386114127657552,-0.0031648128149632387
SYN_199,2,22,female,brand,10.510840158496242,0.7791009670708305,0.09750808993882104
SYN_199,3,22,female,brand,6.007795509074559,-0.10937578655698814,-0.015778230022133327
SYN_199,4,22,female,familiarity,11.816674534603244,0.5822731840185342,-0.016445510060344656
SYN_199,5,22,female,price,6.955007529397656,-0.4709444640053791,0.0804292569525788
