participant,brochure_id,age,gender,reason,clicked_item,reaction_time,gaze_x,gaze_y
SYN_000,1,45,Female,brand,elephanthouse,21.728522,-0.422766,0.052283
SYN_000,2,45,Female,brand,cadbury,2.383218,0.156563,0.031575
SYN_000,3,45,Female,price,marina,6.020751,0.345085,-0.044856
SYN_000,4,45,Female,familiarity,kraft,3.089542,-0.333673,-0.03394
SYN_000,5,45,Female,familiarity,pelawatteyoghurt,1.352223,-0.360909,0.020275
SYN_001,1,25,Female,brand,elephanthouse,4.492208,-0.197091,-0.07073
SYN_001,2,25,Female,familiarity,revello,5.665007,0.574394,-0.01289
SYN_001,3,25,Female,price,fortune,4.807841,-0.51437,-0.066127
SYN_001,4,25,Female,brand,kothmale,11.276265,-0.591132,-0.012162
SYN_001,5,25,Female,brand,highlandYoghurt,1.489903,-0.411274,0.025973
SYN_002,1,30,male,brand,krest,18.831645,0.42765,-0.094132
SYN_002,2,30,male,brand,cadbury,21.111078,0.424362,-0.013372
SYN_002,3,30,male,familiarity,fortune,23.099215,0.495639,0.016343
SYN_002,4,30,male,price,ambewela,46.986897,0.17167,0.003991
SYN_002,5,30,male,brand,highlandYoghurt,29.606167,-0.413945,-0.033112
SYN_003,1,14,male,brand,goldi,4.248049,-0.441221,-0.078365
SYN_003,2,14,male,familiarity,ritzbury,5.944351,-0.168008,0.018562
SYN_003,3,14,male,price,fortune,5.33904,-0.513675,0.011163
SYN_003,4,14,male,brand,kothmale,42.348334,-0.591462,0.028419
SYN_003,5,14,male,brand,highlandYoghurt,6.598371,-0.382319,0.03305
SYN_004,1,37,Female,price,krest,31.901783,0.464326,0.015971
SYN_004,2,37,Female,price,cadbury,2.358391,0.626844,-0.015028
SYN_004,3,37,Female,price,marina,29.983992,0.515741,0.017096
SYN_004,4,37,Female,familiarity,ambewela,2.657584,-0.591634,-0.048658
SYN_004,5,37,Female,familiarity,highlandYoghurt,13.379298,-0.380614,0.032693
SYN_005,1,16,female,price,krest,14.601561,0.480556,-0.055596
SYN_005,2,16,female,brand,cadbury,19.524442,0.626852,0.000736
SYN_005,3,16,female,brand,fortune,20.621674,-0.472597,0.028837
SYN_005,4,16,female,brand,ambewela,6.450703,-0.477048,-0.035095
SYN_005,5,16,female,brand,highlandYoghurt,19.029196,-0.414815,-0.037869
SYN_006,1,14,male,brand,krest,9.14268,-0.406322,-0.093957
SYN_006,2,14,male,brand,ritzbury,12.115614,-0.115293,-0.029191
SYN_006,3,14,male,price,fortune,4.645608,-0.204842,-0.011773
SYN_006,4,14,male,brand,richlife,50.881208,-0.559456,-0.023705
SYN_006,5,14,male,brand,highlandYoghurt,29.232123,-0.225126,0.017852
SYN_007,1,14,male,brand,goldi,18.27422,-0.44537,-0.022995
SYN_007,2,14,male,familiarity,ritzbury,2.395921,-0.191855,0.002176
SYN_007,3,14,male,price,fortune,3.170477,-0.482821,0.017562
SYN_007,4,14,male,familiarity,kraft,25.255216,-0.591426,-0.048883
SYN_007,5,14,male,brand,pelawatteyoghurt,1.392935,-0.381694,0.034438
SYN_008,1,20,Female,familiarity,pussalla,15.499103,0.363573,0.04641
SYN_008,2,20,Female,brand,cadbury,5.102631,0.62593,0.055947
SYN_008,3,20,Female,brand,fortune,18.527638,0.310493,0.035162
SYN_008,4,20,Female,brand,ambewela,2.435417,-0.484763,0.01614
SYN_008,5,20,Female,familiarity,pelawatteyoghurt,1.358451,-0.414225,0.003223
SYN_009,1,14,male,familiarity,krest,7.77734,-0.444005,-0.002064
SYN_009,2,14,male,price,cadbury,2.37397,0.609439,0.037494
SYN_009,3,14,male,brand,Njoy,2.819656,0.327579,-0.026407
SYN_009,4,14,male,brand,ambewela,7.257944,-0.567078,0.003945
SYN_009,5,14,male,price,highlandYoghurt,21.024404,0.513889,0.025395
SYN_010,1,14,male,price,krest,2.996575,-0.445368,-0.078965
SYN_010,2,14,male,brand,ritzbury,11.024155,0.077798,-0.007791
SYN_010,3,14,male,brand,fortune,2.178701,-0.49628,0.008059
SYN_010,4,14,male,familiarity,kothmale,42.748469,-0.29933,0.050563
SYN_010,5,14,male,brand,anchoryoghurt,9.650072,-0.40344,0.014553
SYN_011,1,48,male,brand,pussalla,17.939989,-0.030617,0.045394
SYN_011,2,48,male,price,cadbury,5.389485,0.039373,0.013386
SYN_011,3,48,male,brand,marina,9.811077,-0.029859,-0.070522
SYN_011,4,48,male,familiarity,kothmale,7.650854,0.101685,0.00135
SYN_011,5,48,male,brand,highlandYoghurt,1.352221,-0.41407,0.001021
SYN_012,1,19,male,brand,goldi,4.543892,-0.445303,-0.140917
SYN_012,2,19,male,familiarity,ritzbury,20.533435,-0.24109,-0.017519
SYN_012,3,19,male,familiarity,fortune,5.042712,-0.514813,-0.041683
SYN_012,4,19,male,price,ambewela,50.247506,-0.055129,0.019617
SYN_012,5,19,male,brand,pelawatteyoghurt,5.808771,-0.414814,-0.006577
SYN_013,1,49,male,brand,goldi,31.97512,-0.246076,0.059993
SYN_013,2,49,male,price,kandos,2.186146,-0.227602,0.055474
SYN_013,3,49,male,brand,marina,22.893574,0.515741,0.033395
SYN_013,4,49,male,familiarity,kraft,2.639326,0.036452,-0.042521
SYN_013,5,49,male,price,ambewelayoghurt,1.352219,-0.414679,0.021469
SYN_014,1,14,male,familiarity,pussalla,3.183823,-0.022618,0.029827
SYN_014,2,14,male,brand,cadbury,2.297967,0.613286,0.055718
SYN_014,3,14,male,brand,fortune,3.649455,-0.312557,0.041602
SYN_014,4,14,male,brand,ambewela,2.919931,-0.578321,0.028669
SYN_014,5,14,male,price,highlandYoghurt,1.382991,-0.189341,0.021944
SYN_015,1,23,male,brand,elephanthouse,8.99389,0.295853,-0.096275
SYN_015,2,23,male,brand,cadbury,15.031699,0.0923,-0.011873
SYN_015,3,23,male,familiarity,fortune,13.258439,-0.347124,0.02616
SYN_015,4,23,male,price,ambewela,44.744585,-0.486706,0.014766
SYN_015,5,23,male,brand,pelawatteyoghurt,13.227519,-0.414815,0.008522
SYN_016,1,35,Female,brand,goldi,2.307642,-0.444145,0.060181
SYN_016,2,35,Female,price,cadbury,2.067266,-0.168094,0.060138
SYN_016,3,35,Female,price,marina,1.844625,0.174335,-0.019677
SYN_016,4,35,Female,familiarity,kraft,2.408145,0.176187,0.063889
SYN_016,5,35,Female,price,pelawatteyoghurt,1.352219,-0.403175,0.026487
SYN_017,1,49,female,brand,elephanthouse,26.044548,0.480556,0.017509
SYN_017,2,49,female,familiarity,cadbury,3.862828,0.626852,-0.007542
SYN_017,3,49,female,price,fortune,17.734239,-0.23182,-0.076722
SYN_017,4,49,female,brand,kothmale,2.408141,-0.591662,-0.060143
SYN_017,5,49,female,brand,ambewelayoghurt,1.353985,-0.414636,0.006743
SYN_018,1,14,male,familiarity,krest,1.896676,0.426611,0.036989
SYN_018,2,14,male,price,kandos,2.098695,0.597091,0.05319
SYN_018,3,14,male,price,Njoy,2.586784,-0.101776,0.024982
SYN_018,4,14,male,familiarity,ambewela,3.052996,-0.588557,0.059973
SYN_018,5,14,male,price,highlandYoghurt,1.361227,-0.105376,0.028562
SYN_019,1,44,Female,brand,goldi,15.323241,-0.441948,0.049854
SYN_019,2,44,Female,brand,cadbury,2.212159,0.622102,0.049405
SYN_019,3,44,Female,price,marina,4.557779,0.302638,-0.063734
SYN_019,4,44,Female,brand,ambewela,2.408366,-0.475266,-0.029797
SYN_019,5,44,Female,familiarity,pelawatteyoghurt,1.352224,0.124644,0.018953
SYN_020,1,14,male,familiarity,pussalla,8.917886,-0.445369,0.053358
SYN_020,2,14,male,price,cadbury,2.068183,0.315107,0.056953
SYN_020,3,14,male,price,marina,2.04606,0.1747,0.047213
SYN_020,4,14,male,familiarity,kothmale,2.680153,-0.579163,0.00219
SYN_020,5,14,male,price,highlandYoghurt,1.352237,0.338959,0.033662
SYN_021,1,46,female,brand,goldi,22.206408,-0.442398,0.033225
SYN_021,2,46,female,familiarity,cadbury,9.328279,0.602164,0.051225
SYN_021,3,46,female,brand,fortune,9.946418,-0.48482,-0.040041
SYN_021,4,46,female,price,kothmale,2.459051,-0.147808,-0.054018
SYN_021,5,46,female,brand,ambewelayoghurt,1.355125,-0.330076,-0.01853
SYN_022,1,14,male,price,elephanthouse,13.368041,-0.44537,0.002074
SYN_022,2,14,male,brand,revello,2.184032,-0.289796,0.020139
SYN_022,3,14,male,brand,marina,2.017433,0.312943,0.003717
SYN_022,4,14,male,brand,kraft,35.523576,-0.503782,-0.013338
SYN_022,5,14,male,familiarity,highlandYoghurt,3.381141,0.502176,0.033415
SYN_023,1,21,male,brand,krest,29.676493,0.449257,0.059947
SYN_023,2,21,male,price,kandos,2.067187,-0.197383,0.057058
SYN_023,3,21,male,price,marina,19.537166,0.515741,-0.044063
SYN_023,4,21,male,familiarity,kraft,3.290442,-0.590821,-0.013864
SYN_023,5,21,male,price,pelawatteyoghurt,1.352219,0.513889,0.034984
SYN_024,1,49,Female,brand,krest,16.343169,0.480556,-0.003456
SYN_024,2,49,Female,brand,cadbury,6.747576,0.626598,-0.012756
SYN_024,3,49,Female,price,fortune,21.558502,0.389556,-0.05216
SYN_024,4,49,Female,brand,ambewela,3.22782,-0.585152,-0.021155
SYN_024,5,49,Female,brand,pelawatteyoghurt,1.72136,-0.414811,0.008809
SYN_025,1,15,male,brand,goldi,9.923097,-0.444506,-0.065364
SYN_025,2,15,male,brand,revello,4.072913,-0.186402,0.006395
SYN_025,3,15,male,price,fortune,5.626624,-0.366529,-0.063572
SYN_025,4,15,male,price,kothmale,36.505255,-0.588875,0.001114
SYN_025,5,15,male,brand,pelawatteyoghurt,11.381898,0.442717,0.032812
SYN_026,1,46,female,brand,pussalla,3.288064,-0.140863,0.002016
SYN_026,2,46,female,brand,cadbury,16.541276,0.626588,0.023051
SYN_026,3,46,female,brand,fortune,3.747998,-0.412633,-0.034914
SYN_026,4,46,female,brand,kothmale,2.526567,0.328907,0.001896
SYN_026,5,46,female,brand,pelawatteyoghurt,1.535146,-0.414811,-0.044767
SYN_027,1,14,male,brand,goldi,2.054438,-0.43555,0.034986
SYN_027,2,14,male,brand,cadbury,3.274371,-0.297222,0.056144
SYN_027,3,14,male,price,fortune,2.797909,-0.460563,0.045011
SYN_027,4,14,male,brand,kraft,36.006199,-0.474922,0.063889
SYN_027,5,14,male,familiarity,pelawatteyoghurt,1.363386,-0.405102,0.029442
SYN_028,1,15,Female,price,goldi,7.747688,-0.432509,0.035054
SYN_028,2,15,Female,familiarity,kandos,2.135145,0.273815,0.059949
SYN_028,3,15,Female,price,marina,6.058837,-0.33859,0.001853
SYN_028,4,15,Female,price,ambewela,2.495503,-0.589711,-0.018845
SYN_028,5,15,Female,familiarity,ambewelayoghurt,1.380577,0.511507,0.030995
SYN_029,1,31,male,brand,goldi,8.928058,0.316786,0.048031
SYN_029,2,31,male,familiarity,kandos,2.102096,-0.237088,0.059751
SYN_029,3,31,male,price,marina,12.999271,-0.173007,0.017561
SYN_029,4,31,male,price,kothmale,4.285996,-0.591223,0.011404
SYN_029,5,31,male,familiarity,ambewelayoghurt,1.352424,0.07568,0.0338
SYN_030,1,14,female,price,goldi,5.763242,0.168786,0.05975
SYN_030,2,14,female,brand,kandos,2.307875,0.466519,0.060137
SYN_030,3,14,female,price,fortune,6.956231,-0.513184,0.036178
SYN_030,4,14,female,familiarity,kraft,2.412142,-0.399281,0.020233
SYN_030,5,14,female,price,pelawatteyoghurt,1.352219,-0.4098,0.005282
SYN_031,1,14,male,familiarity,pussalla,15.127971,-0.355749,0.055436
SYN_031,2,14,male,price,kandos,2.071581,0.568293,0.057808
SYN_031,3,14,male,brand,marina,3.857727,0.329551,-0.015314
SYN_031,4,14,male,familiarity,ambewela,2.450514,-0.537271,-0.034954
SYN_031,5,14,male,price,pelawatteyoghurt,1.353043,0.513889,0.024501
SYN_032,1,14,male,familiarity,elephanthouse,2.322769,-0.425759,-0.084393
SYN_032,2,14,male,brand,cadbury,6.338217,-0.038534,0.017839
SYN_032,3,14,male,familiarity,fortune,2.788675,-0.5148,-0.028607
SYN_032,4,14,male,brand,ambewela,43.80653,-0.543277,0.044893
SYN_032,5,14,male,brand,highlandYoghurt,2.641546,-0.129818,0.022046
SYN_033,1,14,male,brand,krest,31.462784,0.480556,0.047609
SYN_033,2,14,male,price,kandos,3.441042,0.267069,0.012725
SYN_033,3,14,male,price,Njoy,28.866624,0.466084,-0.011804
SYN_033,4,14,male,familiarity,kraft,33.105394,-0.578573,-0.04605
SYN_033,5,14,male,familiarity,highlandYoghurt,3.41538,0.311945,0.022693
SYN_034,1,14,male,brand,goldi,1.738896,-0.44537,-0.116228
SYN_034,2,14,male,familiarity,ritzbury,4.791008,0.060181,-0.001237
SYN_034,3,14,male,price,fortune,1.766578,-0.513569,0.001394
SYN_034,4,14,male,brand,kraft,28.632575,-0.584858,0.062906
SYN_034,5,14,male,brand,highlandYoghurt,7.629407,-0.402441,0.031212
SYN_035,1,47,male,brand,krest,29.893136,0.427548,-0.136268
SYN_035,2,47,male,brand,cadbury,9.997045,0.608205,-0.042558
SYN_035,3,47,male,brand,fortune,28.642434,0.515741,-0.017759
SYN_035,4,47,male,price,ambewela,35.063743,-0.591631,-0.047998
SYN_035,5,47,male,brand,highlandYoghurt,29.486317,-0.414199,0.030934
SYN_036,1,14,male,familiarity,elephanthouse,6.399663,0.028242,0.050155
SYN_036,2,14,male,brand,kandos,2.491556,0.156432,0.05688
SYN_036,3,14,male,brand,fortune,9.75813,-0.514498,-0.053746
SYN_036,4,14,male,familiarity,ambewela,4.325718,-0.538287,0.054745
SYN_036,5,14,male,brand,highlandYoghurt,1.352219,-0.283435,0.025852
SYN_037,1,39,Female,brand,elephanthouse,13.402319,-0.007304,0.030294
SYN_037,2,39,Female,brand,cadbury,4.540668,0.551212,0.028774
SYN_037,3,39,Female,brand,marina,4.775514,0.033419,0.018409
SYN_037,4,39,Female,brand,kraft,3.826622,-0.361268,-0.051318
SYN_037,5,39,Female,price,pelawatteyoghurt,1.500695,-0.409555,-0.007228
SYN_038,1,36,male,brand,krest,21.219815,0.374087,-0.15
SYN_038,2,36,male,brand,revello,20.866013,0.624419,-0.041285
SYN_038,3,36,male,familiarity,fortune,20.456521,0.183853,-0.044
SYN_038,4,36,male,price,ambewela,41.35878,-0.43136,-0.039618
SYN_038,5,36,male,brand,highlandYoghurt,29.611546,-0.413286,-0.022641
SYN_039,1,16,male,brand,elephanthouse,5.082977,-0.238888,0.054587
SYN_039,2,16,male,price,kandos,2.073784,-0.172786,0.056537
SYN_039,3,16,male,price,marina,3.899081,-0.276847,-0.079131
SYN_039,4,16,male,brand,kothmale,3.769459,-0.544718,0.044747
SYN_039,5,16,male,familiarity,pelawatteyoghurt,1.35222,0.513889,0.031987
SYN_040,1,14,male,familiarity,elephanthouse,7.602279,-0.445332,0.051029
SYN_040,2,14,male,brand,cadbury,3.390597,-0.085322,0.059611
SYN_040,3,14,male,familiarity,Njoy,4.167587,0.321252,0.052454
SYN_040,4,14,male,brand,kothmale,8.520657,-0.041135,0.052935
SYN_040,5,14,male,price,highlandYoghurt,1.595786,0.084841,0.015126
SYN_041,1,14,male,price,goldi,6.065627,0.429978,-0.017443
SYN_041,2,14,male,familiarity,cadbury,2.594744,-0.04712,0.053604
SYN_041,3,14,male,price,fortune,14.850528,-0.511588,0.047717
SYN_041,4,14,male,price,ambewela,26.937657,-0.591666,0.018341
SYN_041,5,14,male,brand,ambewelayoghurt,1.65717,-0.401724,0.034412
SYN_042,1,49,Female,brand,krest,27.023256,0.378094,0.025967
SYN_042,2,49,Female,brand,cadbury,7.478716,0.626622,-0.007116
SYN_042,3,49,Female,price,fortune,15.466116,-0.352996,-0.07504
SYN_042,4,49,Female,familiarity,ambewela,2.631349,-0.421226,-0.056832
SYN_042,5,49,Female,brand,highlandYoghurt,1.354142,-0.402086,-0.015461
SYN_043,1,15,Female,price,krest,16.86512,0.480556,-0.130723
SYN_043,2,15,Female,brand,cadbury,14.525868,0.626852,-0.035994
SYN_043,3,15,Female,brand,fortune,16.092395,0.50916,0.010731
SYN_043,4,15,Female,price,ambewela,9.055844,-0.58972,-0.048718
SYN_043,5,15,Female,familiarity,highlandYoghurt,29.624289,-0.367974,-0.009698
SYN_044,1,22,Female,price,krest,5.54566,-0.396309,0.047229
SYN_044,2,22,Female,price,cadbury,5.554143,0.607092,0.030924
SYN_044,3,22,Female,brand,fortune,3.076798,-0.426421,-0.066406
SYN_044,4,22,Female,familiarity,kothmale,2.579027,0.300847,0.028409
SYN_044,5,22,Female,familiarity,highlandYoghurt,1.35222,-0.408543,-0.019566
SYN_045,1,38,Female,brand,goldi,28.933492,-0.442093,-0.024916
SYN_045,2,38,Female,brand,cadbury,2.101644,0.626276,0.00767
SYN_045,3,38,Female,price,marina,9.133036,0.515741,-0.018479
SYN_045,4,38,Female,price,ambewela,2.45287,-0.591665,-0.059263
SYN_045,5,38,Female,familiarity,ambewelayoghurt,25.526513,0.510074,0.034337
SYN_046,1,15,male,familiarity,goldi,17.002819,0.451366,0.060181
SYN_046,2,15,male,price,kandos,2.078173,-0.279144,0.060182
SYN_046,3,15,male,familiarity,marina,19.451538,0.271284,0.045058
SYN_046,4,15,male,familiarity,kothmale,2.554908,0.006597,0.063889
SYN_046,5,15,male,price,pelawatteyoghurt,1.352219,-0.40844,0.023835
SYN_047,1,34,male,brand,unknown,18.604636,-0.209889,0.014064
SYN_047,2,34,male,price,cadbury,2.187982,0.356225,-0.006034
SYN_047,3,34,male,price,marina,5.38042,0.514632,-0.034694
SYN_047,4,34,male,brand,kraft,8.602392,-0.589927,-0.044494
SYN_047,5,34,male,familiarity,pelawatteyoghurt,3.533626,0.13303,0.031887
SYN_048,1,27,Female,brand,krest,16.399959,0.470621,0.011859
SYN_048,2,27,Female,price,cadbury,6.887887,0.602145,0.01925
SYN_048,3,27,Female,brand,fortune,17.040084,-0.047815,-0.060158
SYN_048,4,27,Female,brand,kothmale,8.307826,-0.538218,-0.010173
SYN_048,5,27,Female,brand,highlandYoghurt,2.812945,-0.111448,0.006229
SYN_049,1,15,male,brand,unknown,21.690514,-0.296989,-0.123555
SYN_049,2,15,male,brand,cadbury,16.444664,-0.143862,-0.024647
SYN_049,3,15,male,familiarity,fortune,18.111284,-0.069307,-0.067002
SYN_049,4,15,male,price,ambewela,52.426585,-0.455386,-0.010349
SYN_049,5,15,male,brand,highlandYoghurt,29.473624,0.389137,0.013544
SYN_050,1,14,male,price,elephanthouse,8.710864,-0.443055,0.028462
SYN_050,2,14,male,brand,cadbury,4.50887,0.48421,0.050936
SYN_050,3,14,male,brand,fortune,4.571166,-0.212995,-0.028414
SYN_050,4,14,male,brand,kothmale,3.694273,-0.237565,0.00811
SYN_050,5,14,male,familiarity,pelawatteyoghurt,1.474013,0.299786,0.005948
SYN_051,1,14,Female,brand,krest,5.750257,-0.440753,-0.15
SYN_051,2,14,Female,familiarity,ritzbury,15.636452,0.137103,-0.033657
SYN_051,3,14,Female,price,fortune,3.616883,-0.514775,0.019985
SYN_051,4,14,Female,brand,richlife,52.806364,-0.591583,-0.04471
SYN_051,5,14,Female,brand,highlandYoghurt,29.599192,-0.292097,0.023251
SYN_052,1,14,Female,price,unknown,10.177152,-0.369042,-0.058146
SYN_052,2,14,Female,brand,cadbury,4.952149,0.562659,0.027936
SYN_052,3,14,Female,price,fortune,6.057755,-0.078962,0.044725
SYN_052,4,14,Female,price,kraft,25.003955,-0.591404,-0.037188
SYN_052,5,14,Female,familiarity,highlandYoghurt,29.319144,0.419629,0.025683
SYN_053,1,30,Female,brand,krest,6.855333,0.480556,0.013154
SYN_053,2,30,Female,brand,kandos,4.485917,0.625189,0.041444
SYN_053,3,30,Female,price,fortune,23.329482,-0.44241,-0.003167
SYN_053,4,30,Female,brand,ambewela,4.32401,-0.591626,0.009205
SYN_053,5,30,Female,brand,pelawatteyoghurt,1.542968,-0.413766,0.019245
SYN_054,1,15,Female,brand,goldi,4.44803,-0.406135,-0.126817
SYN_054,2,15,Female,familiarity,revello,7.024436,0.626557,0.013918
SYN_054,3,15,Female,price,fortune,4.732832,0.048506,-0.007456
SYN_054,4,15,Female,price,ambewela,4.712638,-0.591417,-0.026058
SYN_054,5,15,Female,brand,pelawatteyoghurt,29.461091,0.273717,0.022089
SYN_055,1,14,male,familiarity,unknown,5.066774,0.380386,0.048053
SYN_055,2,14,male,price,kandos,2.106623,0.331382,0.057397
SYN_055,3,14,male,brand,Njoy,12.290183,0.439774,0.010488
SYN_055,4,14,male,familiarity,ambewela,3.858568,-0.588321,0.063889
SYN_055,5,14,male,familiarity,highlandYoghurt,1.352633,-0.126453,0.033856
SYN_056,1,14,male,brand,goldi,2.641687,-0.442661,-0.142529
SYN_056,2,14,male,familiarity,revello,15.699918,0.602715,0.014936
SYN_056,3,14,male,brand,fortune,3.142374,-0.511237,-0.0417
SYN_056,4,14,male,price,ambewela,24.195999,-0.513282,-0.005609
SYN_056,5,14,male,brand,pelawatteyoghurt,29.472094,0.440493,-0.00589
SYN_057,1,14,male,price,goldi,25.448305,-0.423765,0.045503
SYN_057,2,14,male,brand,cadbury,2.068122,0.567783,0.051598
SYN_057,3,14,male,price,marina,7.668597,0.515741,0.037205
SYN_057,4,14,male,brand,ambewela,2.461079,-0.591578,-0.048843
SYN_057,5,14,male,price,pelawatteyoghurt,1.461624,0.462925,0.034528
SYN_058,1,47,male,brand,goldi,18.621472,0.151607,0.03944
SYN_058,2,47,male,brand,cadbury,12.52533,0.270375,0.038082
SYN_058,3,47,male,familiarity,Njoy,13.063172,-0.474979,-0.009624
SYN_058,4,47,male,brand,kothmale,6.990852,0.314859,-0.030364
SYN_058,5,47,male,familiarity,pelawatteyoghurt,1.352264,-0.414814,-0.030355
SYN_059,1,14,Female,price,krest,7.136112,-0.182777,-0.15
SYN_059,2,14,Female,familiarity,ritzbury,21.245659,0.626852,-0.04537
SYN_059,3,14,Female,brand,fortune,4.493567,-0.444212,0.037287
SYN_059,4,14,Female,price,ambewela,41.481885,-0.575397,-0.055355
SYN_059,5,14,Female,brand,anchoryoghurt,29.625986,-0.414389,-0.031561
SYN_060,1,14,Female,familiarity,pussalla,26.609365,0.349648,0.028939
SYN_060,2,14,Female,brand,kandos,10.34963,0.569143,0.052547
SYN_060,3,14,Female,familiarity,fortune,20.557874,-0.110817,0.050752
SYN_060,4,14,Female,brand,kothmale,11.99749,-0.342832,-0.052873
SYN_060,5,14,Female,price,pelawatteyoghurt,10.190284,-0.321707,-0.019784
SYN_061,1,15,Female,brand,goldi,6.142863,-0.445369,-0.066073
SYN_061,2,15,Female,familiarity,ritzbury,5.770143,0.620073,-0.005199
SYN_061,3,15,Female,price,fortune,1.951229,-0.50839,-0.060401
SYN_061,4,15,Female,brand,ambewela,3.785646,-0.502349,-0.048733
SYN_061,5,15,Female,brand,highlandYoghurt,2.671244,-0.023873,0.006326
SYN_062,1,14,male,brand,unknown,1.993494,-0.410854,-0.097594
SYN_062,2,14,male,brand,cadbury,15.610205,0.234462,0.020906
SYN_062,3,14,male,brand,fortune,2.709087,-0.511283,-0.021927
SYN_062,4,14,male,price,kraft,44.431154,-0.34469,0.040855
SYN_062,5,14,male,brand,highlandYoghurt,29.18399,0.390391,-0.008696
SYN_063,1,14,male,familiarity,goldi,10.512026,-0.359433,0.018341
SYN_063,2,14,male,brand,cadbury,2.166074,0.381447,0.052085
SYN_063,3,14,male,price,fortune,7.821353,-0.155233,0.053112
SYN_063,4,14,male,brand,ambewela,5.337887,-0.591644,-0.000819
SYN_063,5,14,male,familiarity,pelawatteyoghurt,1.363287,-0.414508,0.034244
SYN_064,1,14,male,brand,goldi,3.323544,-0.434087,-0.15
SYN_064,2,14,male,familiarity,ritzbury,17.474481,0.013448,-0.033139
SYN_064,3,14,male,familiarity,fortune,4.487658,-0.476401,-0.015563
SYN_064,4,14,male,price,ambewela,51.836502,-0.551982,0.018428
SYN_064,5,14,male,brand,pelawatteyoghurt,29.540102,-0.411392,0.016616
SYN_065,1,48,male,brand,goldi,27.252604,0.309986,0.055893
SYN_065,2,48,male,brand,kandos,2.162127,0.361504,0.055733
SYN_065,3,48,male,brand,marina,19.443964,0.515741,-0.00422
SYN_065,4,48,male,price,ambewela,2.464118,-0.516031,-0.031568
SYN_065,5,48,male,price,ambewelayoghurt,1.35234,-0.214708,0.025396
SYN_066,1,15,male,brand,elephanthouse,13.61447,-0.31483,-0.001796
SYN_066,2,15,male,brand,cadbury,5.011155,0.256013,0.031745
SYN_066,3,15,male,brand,fortune,10.761113,-0.314876,-0.033919
SYN_066,4,15,male,brand,kothmale,15.573579,-0.559596,0.002894
SYN_066,5,15,male,brand,pelawatteyoghurt,1.967917,-0.094473,0.023334
SYN_067,1,27,male,brand,elephanthouse,8.70376,-0.051287,0.034352
SYN_067,2,27,male,brand,cadbury,2.881103,0.451834,0.035385
SYN_067,3,27,male,brand,Njoy,4.703833,-0.483127,-0.039246
SYN_067,4,27,male,familiarity,kothmale,3.698407,-0.468885,-0.021876
SYN_067,5,27,male,familiarity,pelawatteyoghurt,1.352229,-0.400619,0.011872
SYN_068,1,14,Female,brand,goldi,2.191808,-0.445366,-0.07427
SYN_068,2,14,Female,familiarity,ritzbury,11.563885,0.616174,0.021495
SYN_068,3,14,Female,brand,fortune,1.850495,-0.483666,-0.02826
SYN_068,4,14,Female,price,kothmale,4.629869,-0.14005,-0.008916
SYN_068,5,14,Female,brand,pelawatteyoghurt,18.06633,-0.053089,-0.017499
SYN_069,1,15,Female,price,goldi,6.21237,0.175083,0.054043
SYN_069,2,15,Female,brand,kandos,2.110106,0.563106,0.059397
SYN_069,3,15,Female,brand,marina,5.860776,0.462389,0.050227
SYN_069,4,15,Female,brand,kothmale,2.430076,-0.571984,0.015929
SYN_069,5,15,Female,price,ambewelayoghurt,1.353576,-0.347967,0.025352
SYN_070,1,45,male,brand,pussalla,31.496569,0.105939,0.018736
SYN_070,2,45,male,brand,cadbury,7.321671,-0.161169,0.000909
SYN_070,3,45,male,price,Njoy,28.7935,0.375283,-0.033496
SYN_070,4,45,male,brand,kraft,34.70402,-0.557561,-0.047318
SYN_070,5,45,male,brand,pelawatteyoghurt,2.397261,-0.386285,0.025089
SYN_071,1,14,male,brand,pussalla,6.846517,-0.445354,-0.055059
SYN_071,2,14,male,brand,revello,7.326572,0.297484,0.004077
SYN_071,3,14,male,brand,fortune,2.395589,-0.482335,-0.059744
SYN_071,4,14,male,brand,kothmale,25.933975,-0.396729,-0.021121
SYN_071,5,14,male,brand,highlandYoghurt,15.146428,0.486151,0.009875
SYN_072,1,26,male,price,unknown,7.152431,-0.35642,-0.055409
SYN_072,2,26,male,price,cadbury,3.792061,0.618362,-0.023616
SYN_072,3,26,male,brand,Njoy,3.882351,0.366592,-0.05735
SYN_072,4,26,male,brand,ambewela,5.661125,-0.548309,0.009699
SYN_072,5,26,male,brand,highlandYoghurt,2.515193,-0.404081,0.02275
SYN_073,1,29,male,price,goldi,4.896069,0.269862,0.034922
SYN_073,2,29,male,familiarity,kandos,2.371518,0.119738,0.058578
SYN_073,3,29,male,brand,Njoy,9.620825,-0.444505,-0.007333
SYN_073,4,29,male,price,ambewela,3.133742,-0.580272,0.030724
SYN_073,5,29,male,familiarity,ambewelayoghurt,1.35225,-0.343774,0.028098
SYN_074,1,19,Female,price,unknown,20.150616,0.472441,0.037745
SYN_074,2,19,Female,brand,cadbury,2.240685,0.610762,0.045589
SYN_074,3,19,Female,price,fortune,21.752125,0.274417,-0.019794
SYN_074,4,19,Female,brand,ambewela,2.900831,-0.591642,-0.002525
SYN_074,5,19,Female,brand,pelawatteyoghurt,1.367609,-0.124331,0.032878
SYN_075,1,14,male,brand,goldi,2.801985,-0.44537,-0.070867
SYN_075,2,14,male,familiarity,ritzbury,8.820131,-0.297222,0.031222
SYN_075,3,14,male,price,fortune,2.04874,-0.506692,0.03547
SYN_075,4,14,male,price,richlife,52.6541,-0.485913,0.027479
SYN_075,5,14,male,brand,highlandYoghurt,28.172831,0.423541,0.025206
SYN_076,1,14,Female,price,krest,15.402944,-0.01418,-0.059092
SYN_076,2,14,Female,brand,revello,5.841143,0.589411,-0.009132
SYN_076,3,14,Female,price,fortune,12.736937,-0.492611,0.022906
SYN_076,4,14,Female,familiarity,ambewela,23.551797,-0.59162,-0.023983
SYN_076,5,14,Female,brand,highlandYoghurt,3.290208,-0.414681,0.029857
SYN_077,1,42,male,brand,goldi,15.269159,-0.444649,0.045805
SYN_077,2,42,male,brand,cadbury,2.111657,0.442183,0.03961
SYN_077,3,42,male,price,marina,3.9933,0.515741,-0.029445
SYN_077,4,42,male,brand,kothmale,2.441751,-0.495359,-0.001134
SYN_077,5,42,male,familiarity,pelawatteyoghurt,1.353441,-0.133897,0.030487
SYN_078,1,14,Female,brand,unknown,1.909244,-0.445202,0.048723
SYN_078,2,14,Female,brand,revello,2.101566,0.163441,0.049203
SYN_078,3,14,Female,price,fortune,1.79063,-0.399366,-0.001546
SYN_078,4,14,Female,familiarity,richlife,3.051291,-0.568598,0.049814
SYN_078,5,14,Female,familiarity,highlandYoghurt,1.35224,-0.159202,0.030924
SYN_079,1,14,male,familiarity,elephanthouse,14.152828,0.480556,0.029883
SYN_079,2,14,male,brand,kandos,2.181882,0.471395,0.05772
SYN_079,3,14,male,familiarity,marina,15.999609,0.495912,0.052272
SYN_079,4,14,male,price,ambewela,8.497656,-0.590857,-0.012882
SYN_079,5,14,male,price,ambewelayoghurt,10.25832,0.301171,0.028782
SYN_080,1,33,male,brand,pussalla,27.091949,0.310774,-0.00683
SYN_080,2,33,male,brand,cadbury,4.608504,0.358563,0.01334
SYN_080,3,33,male,brand,marina,21.066813,0.488391,-0.056286
SYN_080,4,33,male,price,kothmale,19.725062,-0.575946,-0.04034
SYN_080,5,33,male,familiarity,pelawatteyoghurt,19.068468,0.47134,0.023328
SYN_081,1,29,Female,brand,unknown,19.101499,-0.351496,-0.06513
SYN_081,2,29,Female,brand,cadbury,12.749131,0.613569,-0.022066
SYN_081,3,29,Female,brand,fortune,9.91845,-0.462527,-0.071497
SYN_081,4,29,Female,brand,ambewela,13.968197,-0.481383,-0.045197
SYN_081,5,29,Female,brand,highlandYoghurt,7.0135,-0.322325,-0.002545
SYN_082,1,37,Female,price,pussalla,30.560115,0.1221,0.024164
SYN_082,2,37,Female,brand,cadbury,14.96284,0.565388,0.021345
SYN_082,3,37,Female,familiarity,fortune,25.94011,-0.351604,0.033984
SYN_082,4,37,Female,familiarity,ambewela,9.642392,-0.187228,-0.053616
SYN_082,5,37,Female,brand,highlandYoghurt,1.37007,-0.414815,-0.019806
SYN_083,1,14,male,brand,unknown,7.091279,-0.404315,-0.093285
SYN_083,2,14,male,brand,cadbury,6.379079,-0.253752,-0.025215
SYN_083,3,14,male,brand,fortune,4.290329,-0.469452,0.005059
SYN_083,4,14,male,brand,kothmale,52.149812,-0.573898,0.011814
SYN_083,5,14,male,brand,highlandYoghurt,11.517529,-0.40702,0.02938
SYN_084,1,49,female,brand,goldi,24.761608,-0.391008,0.059251
SYN_084,2,49,female,familiarity,cadbury,10.26036,0.271787,0.057628
SYN_084,3,49,female,brand,marina,13.18855,-0.121159,-0.044768
SYN_084,4,49,female,brand,kraft,2.414657,0.601852,-0.037797
SYN_084,5,49,female,familiarity,ambewelayoghurt,1.352219,-0.414762,-0.041268
SYN_085,1,49,Female,brand,goldi,26.467577,-0.442981,0.046239
SYN_085,2,49,Female,brand,cadbury,12.949776,0.091698,0.020607
SYN_085,3,49,Female,familiarity,marina,5.71997,-0.212261,-0.01763
SYN_085,4,49,Female,brand,kraft,4.961558,0.601852,-0.057816
SYN_085,5,49,Female,familiarity,pelawatteyoghurt,1.35229,-0.41481,-0.043309
SYN_086,1,15,male,brand,elephanthouse,7.447463,-0.314195,-0.028492
SYN_086,2,15,male,brand,cadbury,3.262164,0.540321,0.019724
SYN_086,3,15,male,price,fortune,4.495951,-0.351435,-0.052328
SYN_086,4,15,male,brand,kothmale,9.110634,-0.589202,-0.028026
SYN_086,5,15,male,brand,pelawatteyoghurt,8.133949,0.447818,0.025278
SYN_087,1,14,male,price,goldi,6.548281,-0.445095,0.050078
SYN_087,2,14,male,brand,cadbury,3.034464,-0.201341,0.057569
SYN_087,3,14,male,brand,fortune,2.916065,-0.51157,0.03157
SYN_087,4,14,male,familiarity,kraft,11.073508,-0.23592,0.012938
SYN_087,5,14,male,familiarity,highlandYoghurt,1.352246,-0.176171,0.01474
SYN_088,1,46,female,brand,elephanthouse,21.983778,0.058683,0.047485
SYN_088,2,46,female,brand,cadbury,4.499755,0.304542,0.040909
SYN_088,3,46,female,price,Njoy,13.827616,-0.223652,-0.037219
SYN_088,4,46,female,brand,kraft,4.256777,-0.498341,-0.040057
SYN_088,5,46,female,brand,pelawatteyoghurt,1.353412,-0.372827,0.01098
SYN_089,1,40,male,price,elephanthouse,25.583911,0.401278,0.047956
SYN_089,2,40,male,brand,kandos,2.700409,0.388975,0.049427
SYN_089,3,40,male,brand,Njoy,26.859116,0.235699,-0.066064
SYN_089,4,40,male,brand,ambewela,3.426818,-0.569404,0.018839
SYN_089,5,40,male,brand,pelawatteyoghurt,1.352244,-0.115378,0.0288
SYN_090,1,45,female,brand,goldi,21.395166,-0.437785,0.049732
SYN_090,2,45,female,brand,cadbury,2.400429,0.336787,0.040358
SYN_090,3,45,female,price,Njoy,8.252849,0.455466,-0.026479
SYN_090,4,45,female,brand,kraft,2.587801,-0.559036,-0.027344
SYN_090,5,45,female,brand,pelawatteyoghurt,1.352598,-0.351272,0.028655
SYN_091,1,14,male,brand,krest,6.181764,-0.308523,-0.00094
SYN_091,2,14,male,price,cadbury,2.180376,0.142899,-0.003251
SYN_091,3,14,male,price,fortune,2.909407,-0.122132,0.040501
SYN_091,4,14,male,familiarity,kraft,24.792029,-0.591439,0.002596
SYN_091,5,14,male,familiarity,highlandYoghurt,1.423928,-0.414108,0.033867
SYN_092,1,30,Female,brand,krest,29.568498,-0.205841,-0.15
SYN_092,2,30,Female,brand,ritzbury,20.151668,0.623853,-0.04537
SYN_092,3,30,Female,price,fortune,18.742252,-0.344211,-0.078041
SYN_092,4,30,Female,brand,kothmale,46.71468,-0.567324,-0.05934
SYN_092,5,30,Female,brand,highlandYoghurt,29.617361,0.033879,-0.008937
SYN_093,1,35,male,brand,goldi,9.1062,0.154428,0.053665
SYN_093,2,35,male,brand,cadbury,2.170747,0.133787,0.055042
SYN_093,3,35,male,price,marina,7.760709,0.347374,0.030299
SYN_093,4,35,male,brand,kothmale,2.771073,-0.557323,0.021006
SYN_093,5,35,male,price,ambewelayoghurt,1.352221,-0.414152,0.028524
SYN_094,1,14,male,price,krest,5.438184,-0.381048,-0.107369
SYN_094,2,14,male,brand,revello,14.981486,0.623865,0.002766
SYN_094,3,14,male,brand,fortune,4.441316,-0.49809,-0.002657
SYN_094,4,14,male,price,ambewela,22.147012,-0.48822,-0.026192
SYN_094,5,14,male,brand,highlandYoghurt,28.780497,-0.036333,-0.014187
SYN_095,1,35,male,price,pussalla,22.985523,0.264278,0.024985
SYN_095,2,35,male,brand,cadbury,10.681187,0.458583,0.02374
SYN_095,3,35,male,familiarity,Njoy,17.302689,0.10366,0.009748
SYN_095,4,35,male,brand,ambewela,11.060986,0.017018,-0.021125
SYN_095,5,35,male,familiarity,highlandYoghurt,1.395472,-0.414794,-0.014388
SYN_096,1,49,female,brand,krest,20.084425,0.480556,0.04465
SYN_096,2,49,female,brand,cadbury,3.31256,0.626783,0.003431
SYN_096,3,49,female,price,fortune,18.687717,0.331629,-0.054469
SYN_096,4,49,female,familiarity,kothmale,2.413237,-0.589112,-0.033033
SYN_096,5,49,female,brand,pelawatteyoghurt,1.352229,-0.414815,0.017445
SYN_097,1,14,Female,brand,krest,6.977629,-0.290184,0.02073
SYN_097,2,14,Female,price,cadbury,2.165957,0.563297,0.013126
SYN_097,3,14,Female,price,fortune,2.802009,-0.34425,0.012691
SYN_097,4,14,Female,familiarity,kraft,7.068139,-0.59127,-0.021661
SYN_097,5,14,Female,familiarity,highlandYoghurt,1.382842,-0.280597,0.031122
SYN_098,1,30,Female,price,krest,30.906806,0.319176,0.003097
SYN_098,2,30,Female,brand,cadbury,15.556634,0.62684,0.017965
SYN_098,3,30,Female,familiarity,fortune,26.184493,0.331073,-0.039478
SYN_098,4,30,Female,brand,ambewela,3.442423,-0.126921,-0.057562
SYN_098,5,30,Female,familiarity,highlandYoghurt,19.192648,0.083886,-0.036614
SYN_099,1,15,Female,price,krest,24.605272,0.209543,-0.05137
SYN_099,2,15,Female,brand,cadbury,4.672936,0.626847,0.00275
SYN_099,3,15,Female,price,fortune,14.115675,0.366182,-0.021525
SYN_099,4,15,Female,brand,ambewela,3.444531,-0.591237,-0.057559
SYN_099,5,15,Female,familiarity,highlandYoghurt,27.620887,0.44095,0.015327
SYN_100,1,43,Female,price,goldi,26.357447,0.196173,0.04822
SYN_100,2,43,Female,brand,cadbury,5.251348,0.519167,0.04612
SYN_100,3,43,Female,familiarity,Njoy,17.156551,0.178529,0.048723
SYN_100,4,43,Female,brand,kothmale,3.007526,-0.307264,-0.046925
SYN_100,5,43,Female,familiarity,pelawatteyoghurt,1.352272,-0.414815,-0.002282
SYN_101,1,14,male,price,goldi,19.561166,-0.441515,-0.057704
SYN_101,2,14,male,brand,cadbury,3.454508,-0.297222,0.024103
SYN_101,3,14,male,brand,fortune,14.294588,-0.507783,-0.050452
SYN_101,4,14,male,brand,ambewela,49.821198,-0.591115,0.001931
SYN_101,5,14,male,brand,pelawatteyoghurt,2.246459,0.390701,0.034658
SYN_102,1,15,Female,brand,goldi,2.126411,-0.445186,0.05051
SYN_102,2,15,Female,brand,cadbury,5.586749,0.237417,0.057085
SYN_102,3,15,Female,price,fortune,1.946423,-0.514671,-0.07185
SYN_102,4,15,Female,brand,kraft,2.695049,0.330775,0.038277
SYN_102,5,15,Female,familiarity,pelawatteyoghurt,1.352221,0.272561,-0.019522
SYN_103,1,15,Female,brand,krest,8.512132,0.008543,-0.108103
SYN_103,2,15,Female,brand,revello,19.743764,0.622028,-0.010464
SYN_103,3,15,Female,price,fortune,13.86593,-0.469731,-0.074659
SYN_103,4,15,Female,price,kothmale,30.78991,-0.527766,0.001597
SYN_103,5,15,Female,brand,highlandYoghurt,29.567414,0.433597,-0.014161
SYN_104,1,49,female,brand,goldi,24.892669,0.480556,0.053296
SYN_104,2,49,female,familiarity,cadbury,3.421097,0.626657,0.051579
SYN_104,3,49,female,price,fortune,26.062088,0.364488,0.045995
SYN_104,4,49,female,brand,kothmale,2.408491,-0.589325,-0.04795
SYN_104,5,49,female,familiarity,ambewelayoghurt,1.352223,-0.414815,0.012905
SYN_105,1,28,Female,brand,goldi,10.927491,0.224008,0.052388
SYN_105,2,28,Female,brand,kandos,2.095494,0.079731,0.055447
SYN_105,3,28,Female,price,marina,7.104343,-0.202266,-0.027406
SYN_105,4,28,Female,brand,kraft,3.129441,-0.589645,-0.023603
SYN_105,5,28,Female,price,ambewelayoghurt,1.352284,0.298851,0.031029
SYN_106,1,37,Female,brand,krest,31.657095,0.465201,-0.15
SYN_106,2,37,Female,familiarity,cadbury,19.317339,0.62681,-0.044552
SYN_106,3,37,Female,brand,fortune,29.222905,0.362041,0.025437
SYN_106,4,37,Female,price,ambewela,40.847496,-0.591516,-0.060168
SYN_106,5,37,Female,brand,highlandYoghurt,29.625944,-0.411587,-0.001905
SYN_107,1,41,Female,brand,goldi,6.375922,-0.445182,0.057157
SYN_107,2,41,Female,brand,cadbury,2.128659,0.407492,0.057399
SYN_107,3,41,Female,price,Njoy,2.089637,-0.504419,-0.06897
SYN_107,4,41,Female,brand,kraft,2.4087,-0.28695,-0.030615
SYN_107,5,41,Female,familiarity,ambewelayoghurt,1.352219,0.118415,0.013256
SYN_108,1,44,male,price,unknown,20.638805,0.480556,0.012459
SYN_108,2,44,male,brand,cadbury,11.190148,0.526658,0.008903
SYN_108,3,44,male,familiarity,Njoy,21.144502,0.130275,-0.001805
SYN_108,4,44,male,brand,ambewela,13.400958,-0.222768,-0.005993
SYN_108,5,44,male,brand,highlandYoghurt,1.407931,-0.414815,-0.009093
SYN_109,1,15,male,price,krest,7.069351,0.479607,-0.009305
SYN_109,2,15,male,brand,cadbury,12.488166,0.61094,0.01297
SYN_109,3,15,male,familiarity,fortune,10.821195,-0.366197,0.029423
SYN_109,4,15,male,familiarity,ambewela,15.978872,-0.355187,0.012998
SYN_109,5,15,male,familiarity,highlandYoghurt,2.827477,-0.414813,-0.016301
SYN_110,1,35,male,familiarity,goldi,11.913486,0.480556,0.055186
SYN_110,2,35,male,brand,kandos,2.078987,0.606079,0.059126
SYN_110,3,35,male,familiarity,marina,14.504064,0.515741,0.050094
SYN_110,4,35,male,price,ambewela,2.412841,-0.586293,0.003115
SYN_110,5,35,male,price,ambewelayoghurt,1.352282,-0.412307,0.027509
SYN_111,1,49,Female,brand,unknown,32.303962,0.480556,0.038565
SYN_111,2,49,Female,brand,kandos,15.860743,0.339229,0.021989
SYN_111,3,49,Female,familiarity,fortune,30.685287,0.241465,-0.07155
SYN_111,4,49,Female,brand,ambewela,17.314456,-0.176345,-0.051485
SYN_111,5,49,Female,brand,pelawatteyoghurt,1.538219,-0.343317,-0.012271
SYN_112,1,31,Female,brand,krest,7.260812,0.480556,-0.053972
SYN_112,2,31,Female,brand,cadbury,15.493448,0.258219,-0.013353
SYN_112,3,31,Female,price,fortune,20.49942,-0.365607,-0.013538
SYN_112,4,31,Female,brand,kraft,43.759273,-0.586127,0.04059
SYN_112,5,31,Female,brand,highlandYoghurt,16.115111,-0.414813,0.016063
SYN_113,1,14,male,brand,goldi,6.241781,-0.439141,-0.055396
SYN_113,2,14,male,brand,cadbury,2.938541,-0.042101,0.035529
SYN_113,3,14,male,price,Njoy,4.0278,-0.04486,0.007795
SYN_113,4,14,male,price,kothmale,27.671548,-0.590873,-0.010904
SYN_113,5,14,male,familiarity,pelawatteyoghurt,25.260392,0.493455,0.032261
SYN_114,1,36,Female,brand,elephanthouse,10.961256,-0.416496,0.023023
SYN_114,2,36,Female,brand,cadbury,6.828263,0.011294,0.011846
SYN_114,3,36,Female,price,fortune,5.620341,-0.514813,-0.079505
SYN_114,4,36,Female,familiarity,kraft,13.087862,-0.432171,-0.022419
SYN_114,5,36,Female,brand,highlandYoghurt,1.35222,-0.337273,0.010029
SYN_115,1,16,male,price,goldi,23.762967,-0.438957,0.053441
SYN_115,2,16,male,brand,kandos,2.151029,-0.295479,0.056964
SYN_115,3,16,male,brand,marina,11.019706,-0.292546,-0.014231
SYN_115,4,16,male,brand,kothmale,11.004475,-0.494838,-0.012512
SYN_115,5,16,male,familiarity,ambewelayoghurt,1.352219,0.122354,0.031915
SYN_116,1,43,male,price,goldi,21.119863,0.181192,-0.004724
SYN_116,2,43,male,brand,cadbury,7.677219,0.572377,0.028997
SYN_116,3,43,male,familiarity,marina,15.629005,0.510102,0.038402
SYN_116,4,43,male,price,ambewela,5.563501,-0.364164,-0.03216
SYN_116,5,43,male,familiarity,ambewelayoghurt,6.219554,-0.414675,0.000824
SYN_117,1,14,male,familiarity,pussalla,18.797053,-0.445337,0.026903
SYN_117,2,14,male,brand,cadbury,2.131382,-0.088979,0.05057
SYN_117,3,14,male,price,fortune,4.755314,-0.318827,0.016739
SYN_117,4,14,male,familiarity,kothmale,19.92783,-0.58993,-0.027756
SYN_117,5,14,male,familiarity,highlandYoghurt,1.988711,0.513889,0.033766
SYN_118,1,14,male,familiarity,unknown,27.459502,-0.258847,-0.031577
SYN_118,2,14,male,brand,cadbury,9.141455,0.364788,0.024973
SYN_118,3,14,male,familiarity,fortune,24.486336,-0.480401,-0.029347
SYN_118,4,14,male,brand,ambewela,34.414993,-0.580411,-0.025558
SYN_118,5,14,male,brand,highlandYoghurt,7.671266,0.263706,0.022527
SYN_119,1,14,male,brand,goldi,26.090729,-0.389852,-0.07956
SYN_119,2,14,male,familiarity,cadbury,8.953417,-0.297222,0.001999
SYN_119,3,14,male,brand,fortune,23.006874,0.124974,0.042059
SYN_119,4,14,male,price,kothmale,53.050284,-0.591015,-0.009387
SYN_119,5,14,male,brand,pelawatteyoghurt,27.698074,-0.386799,0.033805
SYN_120,1,15,male,brand,goldi,8.053374,-0.44537,-0.089518
SYN_120,2,15,male,familiarity,ritzbury,4.153842,-0.284681,0.032067
SYN_120,3,15,male,brand,Njoy,5.142535,0.342878,-0.015129
SYN_120,4,15,male,price,ambewela,35.732458,-0.577534,0.036112
SYN_120,5,15,male,brand,ambewelayoghurt,23.063119,0.368567,0.034051
SYN_121,1,18,Female,brand,krest,11.230874,-0.134489,-0.01244
SYN_121,2,18,Female,brand,cadbury,7.351609,0.623391,0.001359
SYN_121,3,18,Female,brand,fortune,5.102061,-0.483263,-0.050997
SYN_121,4,18,Female,familiarity,ambewela,5.190795,-0.429084,-0.042189
SYN_121,5,18,Female,brand,highlandYoghurt,1.63701,-0.355095,-0.009548
SYN_122,1,14,male,price,krest,22.005753,-0.440166,-0.021555
SYN_122,2,14,male,price,revello,3.674575,-0.219576,-0.012422
SYN_122,3,14,male,brand,fortune,12.334633,0.338726,-0.011879
SYN_122,4,14,male,familiarity,kothmale,49.060068,-0.581545,0.040386
SYN_122,5,14,male,brand,anchoryoghurt,5.863119,-0.102264,0.034031
SYN_123,1,14,Female,brand,elephanthouse,18.123705,-0.437579,-0.00223
SYN_123,2,14,Female,familiarity,cadbury,11.178165,0.020494,0.04105
SYN_123,3,14,Female,brand,fortune,7.771511,-0.514285,0.024881
SYN_123,4,14,Female,brand,kraft,32.39043,-0.405304,-0.050571
SYN_123,5,14,Female,familiarity,highlandYoghurt,5.196657,-0.059454,-0.004469
SYN_124,1,14,Female,price,goldi,7.133885,-0.445366,0.054398
SYN_124,2,14,Female,brand,cadbury,2.103673,0.284207,0.057426
SYN_124,3,14,Female,price,Njoy,2.061473,-0.480349,-0.051054
SYN_124,4,14,Female,familiarity,kothmale,2.474434,-0.400031,-0.012114
SYN_124,5,14,Female,familiarity,pelawatteyoghurt,1.352219,0.506262,0.023016
SYN_125,1,14,male,price,krest,1.926577,-0.436391,-0.064106
SYN_125,2,14,male,brand,ritzbury,6.047242,0.616308,0.011222
SYN_125,3,14,male,price,fortune,2.051836,-0.51202,-0.010263
SYN_125,4,14,male,familiarity,kothmale,13.120923,-0.577708,0.041835
SYN_125,5,14,male,brand,highlandYoghurt,7.936979,-0.232646,0.016978
SYN_126,1,14,male,price,goldi,1.930527,0.381396,-0.092255
SYN_126,2,14,male,familiarity,cadbury,4.046986,0.511062,0.045397
SYN_126,3,14,male,brand,fortune,4.916644,-0.507771,0.034742
SYN_126,4,14,male,price,ambewela,23.56095,-0.59165,0.03402
SYN_126,5,14,male,familiarity,pelawatteyoghurt,24.560205,0.030739,0.029274
SYN_127,1,14,Female,familiarity,krest,19.430016,-0.44455,-0.049475
SYN_127,2,14,Female,brand,ritzbury,4.334498,0.625788,-0.003394
SYN_127,3,14,Female,price,fortune,8.389787,-0.435343,-0.044948
SYN_127,4,14,Female,familiarity,ambewela,6.284556,-0.590864,-0.026644
SYN_127,5,14,Female,brand,anchoryoghurt,3.166731,0.074254,0.028948
SYN_128,1,14,male,price,krest,7.151417,0.480556,0.015336
SYN_128,2,14,male,price,cadbury,2.555306,0.379519,0.021499
SYN_128,3,14,male,price,fortune,12.479539,-0.170773,0.019935
SYN_128,4,14,male,familiarity,ambewela,16.275509,-0.591422,0.045164
SYN_128,5,14,male,brand,highlandYoghurt,1.358355,-0.41475,0.03256
SYN_129,1,16,male,price,krest,27.39654,0.465946,-0.093051
SYN_129,2,16,male,brand,cadbury,19.710326,0.608283,-0.032916
SYN_129,3,16,male,familiarity,fortune,25.738158,-0.302421,-0.051601
SYN_129,4,16,male,brand,ambewela,46.117169,-0.347694,-0.043227
SYN_129,5,16,male,brand,anchoryoghurt,28.752108,-0.354139,-0.023749
SYN_130,1,15,male,familiarity,goldi,19.057301,0.431924,0.060127
SYN_130,2,15,male,price,kandos,2.070613,0.318801,0.060176
SYN_130,3,15,male,familiarity,marina,15.585958,0.233305,0.042895
SYN_130,4,15,male,familiarity,ambewela,2.409539,-0.415525,0.016235
SYN_130,5,15,male,price,ambewelayoghurt,1.352219,-0.20917,0.022383
SYN_131,1,14,Female,price,goldi,12.679731,-0.44537,0.058046
SYN_131,2,14,Female,brand,revello,2.078943,-0.029042,0.059765
SYN_131,3,14,Female,price,Njoy,2.286581,0.109963,-0.008386
SYN_131,4,14,Female,familiarity,kothmale,2.427042,-0.352682,0.022847
SYN_131,5,14,Female,familiarity,pelawatteyoghurt,1.352219,0.510153,0.031848
SYN_132,1,19,male,brand,krest,12.991973,-0.351346,-0.15
SYN_132,2,19,male,brand,ritzbury,15.6443,0.607417,-0.042193
SYN_132,3,19,male,price,fortune,10.093414,-0.504362,-0.076658
SYN_132,4,19,male,brand,ambewela,39.76387,-0.590214,-0.033912
SYN_132,5,19,male,brand,highlandYoghurt,28.457303,-0.295657,0.019189
SYN_133,1,14,male,price,krest,16.773818,0.435214,-0.110124
SYN_133,2,14,male,brand,cadbury,17.525318,0.558726,-0.000468
SYN_133,3,14,male,familiarity,fortune,21.58301,-0.396079,-0.063491
SYN_133,4,14,male,price,ambewela,43.333415,-0.524615,-0.020263
SYN_133,5,14,male,brand,highlandYoghurt,29.53082,0.467843,-0.007384
SYN_134,1,39,Female,brand,goldi,29.938466,-0.443454,0.014101
SYN_134,2,39,Female,familiarity,cadbury,14.003543,0.290644,0.03122
SYN_134,3,39,Female,price,fortune,19.318744,-0.48873,-0.077157
SYN_134,4,39,Female,brand,kothmale,11.162581,-0.164118,-0.054592
SYN_134,5,39,Female,brand,pelawatteyoghurt,2.184448,0.463873,-0.010252
SYN_135,1,14,male,familiarity,krest,21.978892,0.480556,-0.114913
SYN_135,2,14,male,brand,cadbury,12.211577,0.580196,0.001939
SYN_135,3,14,male,brand,fortune,30.685287,-0.325899,0.032481
SYN_135,4,14,male,brand,ambewela,47.438228,-0.591661,-0.00599
SYN_135,5,14,male,brand,highlandYoghurt,29.379266,-0.337138,0.028597
SYN_136,1,26,male,brand,goldi,7.589019,-0.266383,0.040953
SYN_136,2,26,male,brand,cadbury,3.416935,-0.234908,0.051378
SYN_136,3,26,male,brand,Njoy,10.329728,0.237116,-0.037423
SYN_136,4,26,male,brand,kothmale,12.228164,-0.425167,0.063634
SYN_136,5,26,male,brand,pelawatteyoghurt,1.355721,-0.281675,0.027529
SYN_137,1,45,female,brand,krest,22.178132,0.402142,0.000527
SYN_137,2,45,female,brand,cadbury,17.305068,0.626852,-0.00328
SYN_137,3,45,female,brand,fortune,7.857107,-0.310548,-0.034627
SYN_137,4,45,female,brand,kothmale,2.446905,0.163766,-0.060069
SYN_137,5,45,female,price,highlandYoghurt,14.432007,-0.378227,-0.05463
SYN_138,1,14,male,brand,elephanthouse,2.384006,0.159097,-0.030145
SYN_138,2,14,male,brand,cadbury,6.643948,0.389878,0.03688
SYN_138,3,14,male,brand,fortune,5.596262,-0.491941,0.009417
SYN_138,4,14,male,brand,ambewela,15.816167,-0.570102,0.050709
SYN_138,5,14,male,brand,pelawatteyoghurt,2.175922,-0.412953,0.018407
SYN_139,1,26,male,familiarity,goldi,10.212316,0.270297,0.059018
SYN_139,2,26,male,brand,kandos,2.091695,0.607502,0.059991
SYN_139,3,26,male,familiarity,marina,6.785554,0.134947,-0.003336
SYN_139,4,26,male,brand,happycow,2.408211,-0.186351,-0.000189
SYN_139,5,26,male,price,ambewelayoghurt,1.352219,-0.038581,0.004889
SYN_140,1,49,Female,brand,krest,29.615345,0.426415,-0.087522
SYN_140,2,49,Female,brand,cadbury,20.023798,0.626851,-0.036992
SYN_140,3,49,Female,familiarity,fortune,25.623096,0.515741,-0.019525
SYN_140,4,49,Female,price,ambewela,7.259997,-0.247046,-0.055294
SYN_140,5,49,Female,brand,highlandYoghurt,29.081347,-0.414808,-0.035587
SYN_141,1,25,male,brand,goldi,10.816971,0.003797,0.003264
SYN_141,2,25,male,brand,cadbury,6.545359,0.425298,0.029947
SYN_141,3,25,male,brand,Njoy,7.718668,-0.293019,0.004317
SYN_141,4,25,male,brand,kothmale,9.807124,-0.472963,-0.026473
SYN_141,5,25,male,familiarity,pelawatteyoghurt,1.952002,-0.405991,0.004578
SYN_142,1,49,Female,brand,goldi,30.535881,-0.444538,0.033879
SYN_142,2,49,Female,familiarity,cadbury,5.303011,-0.297222,0.0273
SYN_142,3,49,Female,price,marina,13.426769,-0.071028,-0.065645
SYN_142,4,49,Female,price,richlife,24.105614,-0.322342,-0.058312
SYN_142,5,49,Female,brand,ambewelayoghurt,1.415534,0.253097,0.018786
SYN_143,1,49,Female,brand,goldi,27.688913,0.206956,-0.050259
SYN_143,2,49,Female,familiarity,cadbury,18.836066,0.586022,-0.011744
SYN_143,3,49,Female,familiarity,fortune,21.184164,-0.502296,-0.065108
SYN_143,4,49,Female,price,ambewela,13.455,-0.148817,-0.058417
SYN_143,5,49,Female,brand,pelawatteyoghurt,2.983314,-0.414641,-0.0328
SYN_144,1,45,Female,brand,krest,13.309032,0.480556,-0.010703
SYN_144,2,45,Female,brand,cadbury,14.323243,0.618297,0.007708
SYN_144,3,45,Female,brand,fortune,20.832921,-0.422499,-0.062429
SYN_144,4,45,Female,brand,ambewela,9.03672,-0.425782,0.00171
SYN_144,5,45,Female,brand,highlandYoghurt,1.806175,-0.414431,-0.014822
SYN_145,1,31,male,price,goldi,3.688296,-0.437513,0.058428
SYN_145,2,31,male,brand,cadbury,2.166804,-0.062983,0.058455
SYN_145,3,31,male,familiarity,marina,2.407575,-0.327083,-0.024779
SYN_145,4,31,male,familiarity,kothmale,2.439969,0.233071,0.051672
SYN_145,5,31,male,price,pelawatteyoghurt,1.352219,-0.412829,0.012199
SYN_146,1,41,male,brand,unknown,27.676441,0.189882,-0.066417
SYN_146,2,41,male,brand,cadbury,16.753702,0.432487,-0.028058
SYN_146,3,41,male,familiarity,fortune,22.27374,0.065882,-0.007706
SYN_146,4,41,male,brand,ambewela,37.927721,-0.357469,-0.042734
SYN_146,5,41,male,brand,highlandYoghurt,13.491218,-0.414812,-0.004717
SYN_147,1,45,Female,brand,unknown,30.323484,0.32836,0.059564
SYN_147,2,45,Female,price,cadbury,2.664269,-0.297222,0.043003
SYN_147,3,45,Female,price,fortune,24.288634,-0.460841,-0.033722
SYN_147,4,45,Female,familiarity,richlife,20.017035,-0.534343,-0.03156
SYN_147,5,45,Female,brand,highlandYoghurt,1.352219,-0.414581,0.028666
SYN_148,1,45,Female,brand,krest,23.042003,0.480556,-0.080406
SYN_148,2,45,Female,brand,cadbury,21.574212,0.626765,-0.041946
SYN_148,3,45,Female,brand,fortune,22.094916,-0.342074,-0.056654
SYN_148,4,45,Female,familiarity,kothmale,32.570001,0.169827,-0.048112
SYN_148,5,45,Female,brand,anchoryoghurt,27.992845,-0.414814,-0.05183
SYN_149,1,31,Female,brand,krest,32.024295,-0.305246,0.008085
SYN_149,2,31,Female,price,cadbury,10.300046,0.39084,-0.030864
SYN_149,3,31,Female,price,Njoy,19.945381,0.496269,-0.011149
SYN_149,4,31,Female,familiarity,kraft,32.479764,-0.391271,-0.059239
SYN_149,5,31,Female,familiarity,highlandYoghurt,15.352057,-0.374752,0.002929
SYN_150,1,14,male,familiarity,krest,2.098399,-0.436798,-0.049238
SYN_150,2,14,male,brand,cadbury,2.344498,0.626624,0.028212
SYN_150,3,14,male,brand,fortune,1.938276,-0.504838,0.02495
SYN_150,4,14,male,familiarity,ambewela,4.734668,-0.591444,0.021032
SYN_150,5,14,male,familiarity,highlandYoghurt,4.743688,0.296319,0.028776
SYN_151,1,18,female,price,krest,5.45777,0.107821,-0.019068
SYN_151,2,18,female,brand,revello,7.247486,0.626852,-0.004758
SYN_151,3,18,female,price,fortune,5.051958,0.082347,-0.049002
SYN_151,4,18,female,familiarity,ambewela,2.415873,-0.535197,0.00167
SYN_151,5,18,female,brand,highlandYoghurt,2.629258,-0.410436,-0.009004
SYN_152,1,45,male,brand,goldi,11.941142,0.401957,0.038622
SYN_152,2,45,male,brand,kandos,3.919071,0.271149,0.050601
SYN_152,3,45,male,brand,fortune,16.948477,-0.290076,-0.023414
SYN_152,4,45,male,brand,ambewela,3.785388,-0.525189,0.026567
SYN_152,5,45,male,brand,ambewelayoghurt,1.352229,-0.414628,0.020236
SYN_153,1,47,Female,brand,goldi,27.278705,0.154899,0.044759
SYN_153,2,47,Female,brand,cadbury,3.473443,0.31589,0.04789
SYN_153,3,47,Female,price,fortune,22.438312,-0.321443,-0.031928
SYN_153,4,47,Female,brand,kothmale,3.382564,-0.581736,-0.045356
SYN_153,5,47,Female,brand,ambewelayoghurt,1.352279,-0.39551,0.024074
SYN_154,1,44,male,price,goldi,14.288574,-0.380732,0.059347
SYN_154,2,44,male,brand,cadbury,2.129733,-0.297222,0.059351
SYN_154,3,44,male,brand,Njoy,11.92684,-0.439075,0.018381
SYN_154,4,44,male,familiarity,kothmale,2.945336,-0.384229,0.053811
SYN_154,5,44,male,brand,ambewelayoghurt,1.352219,-0.414815,0.032054
SYN_155,1,48,male,price,goldi,27.878961,0.404917,0.013135
SYN_155,2,48,male,brand,cadbury,8.050843,0.599785,0.031836
SYN_155,3,48,male,familiarity,Njoy,29.318307,0.470871,-0.008333
SYN_155,4,48,male,price,happycow,3.456852,-0.454207,-0.012251
SYN_155,5,48,male,brand,pelawatteyoghurt,1.38521,-0.414804,0.010419
SYN_156,1,49,female,brand,elephanthouse,11.945539,0.480556,0.047541
SYN_156,2,49,female,brand,cadbury,7.887523,0.626798,0.018677
SYN_156,3,49,female,price,Njoy,8.570727,-0.064746,0.004186
SYN_156,4,49,female,brand,kothmale,2.408694,-0.116322,-0.043697
SYN_156,5,49,female,familiarity,pelawatteyoghurt,1.352219,-0.414815,-0.032464
SYN_157,1,30,male,brand,goldi,21.696367,-0.433739,0.017697
SYN_157,2,30,male,familiarity,cadbury,17.532283,-0.240847,0.042228
SYN_157,3,30,male,familiarity,fortune,10.544483,-0.514105,-0.037832
SYN_157,4,30,male,price,kothmale,32.317847,0.537223,-0.046283
SYN_157,5,30,male,familiarity,pelawatteyoghurt,1.425757,-0.346203,-0.039046
SYN_158,1,14,male,brand,goldi,2.75895,-0.44537,-0.0583
SYN_158,2,14,male,brand,ritzbury,10.540529,-0.275967,0.008159
SYN_158,3,14,male,familiarity,fortune,1.849194,-0.497832,-0.021566
SYN_158,4,14,male,brand,kothmale,42.567778,0.31943,0.042341
SYN_158,5,14,male,brand,highlandYoghurt,2.771346,-0.359764,0.004375
SYN_159,1,40,female,brand,pussalla,9.88076,-0.052366,-0.104599
SYN_159,2,40,female,familiarity,revello,19.135131,0.624818,-0.021224
SYN_159,3,40,female,price,fortune,7.545604,-0.509127,-0.041255
SYN_159,4,40,female,price,kraft,15.505469,-0.501325,-0.053988
SYN_159,5,40,female,brand,pelawatteyoghurt,27.149143,-0.412125,-0.027834
SYN_160,1,29,male,price,goldi,10.349866,-0.43875,0.056159
SYN_160,2,29,male,brand,cadbury,2.098016,0.434646,0.056423
SYN_160,3,29,male,brand,marina,4.130803,0.346954,0.023854
SYN_160,4,29,male,familiarity,ambewela,2.411765,-0.445465,0.018188
SYN_160,5,29,male,familiarity,pelawatteyoghurt,1.352219,-0.414421,0.027629
SYN_161,1,47,female,brand,krest,18.469677,0.389394,-0.031406
SYN_161,2,47,female,familiarity,cadbury,19.626673,0.626848,-0.002608
SYN_161,3,47,female,brand,fortune,18.84952,-0.498123,-0.05402
SYN_161,4,47,female,brand,ambewela,3.010103,-0.145521,-0.040679
SYN_161,5,47,female,brand,highlandYoghurt,2.023619,-0.414814,-0.041846
SYN_162,1,14,male,familiarity,krest,2.320111,-0.445325,-0.103006
SYN_162,2,14,male,brand,ritzbury,3.939083,0.00415,-0.012786
SYN_162,3,14,male,brand,fortune,1.953947,-0.188687,0.047744
SYN_162,4,14,male,familiarity,ambewela,46.257296,-0.578518,0.056282
SYN_162,5,14,male,brand,anchoryoghurt,18.606537,-0.411516,0.032077
SYN_163,1,14,male,price,elephanthouse,5.48137,0.452569,0.005609
SYN_163,2,14,male,brand,kandos,2.150103,-0.033194,0.042962
SYN_163,3,14,male,price,marina,9.474182,0.281345,0.048145
SYN_163,4,14,male,brand,kothmale,22.244263,-0.591654,0.038106
SYN_163,5,14,male,familiarity,pelawatteyoghurt,2.011026,-0.404932,0.034588
SYN_164,1,43,female,brand,goldi,22.752523,-0.44465,0.056394
SYN_164,2,43,female,familiarity,cadbury,5.972309,0.613491,0.056126
SYN_164,3,43,female,price,Njoy,5.288897,-0.453938,-0.023957
SYN_164,4,43,female,brand,kraft,2.40947,0.297148,-0.057032
SYN_164,5,43,female,familiarity,pelawatteyoghurt,1.35222,-0.319632,-0.033387
SYN_165,1,14,male,price,goldi,2.328824,-0.445368,0.02372
SYN_165,2,14,male,familiarity,cadbury,3.397753,-0.20427,0.059433
SYN_165,3,14,male,brand,fortune,2.188384,-0.511964,0.031725
SYN_165,4,14,male,price,kothmale,11.088716,-0.322226,0.050088
SYN_165,5,14,male,familiarity,pelawatteyoghurt,1.383281,0.347318,0.019842
SYN_166,1,15,male,price,goldi,13.014179,-0.21197,0.056081
SYN_166,2,15,male,brand,kandos,2.068064,0.236028,0.059334
SYN_166,3,15,male,price,marina,7.3757,-0.325795,-0.049577
SYN_166,4,15,male,brand,ambewela,2.453266,-0.590979,-0.009663
SYN_166,5,15,male,familiarity,ambewelayoghurt,1.352219,0.511517,0.033936
SYN_167,1,16,male,brand,goldi,5.183151,0.407005,-0.112548
SYN_167,2,16,male,familiarity,cadbury,18.971812,-0.018528,0.018373
SYN_167,3,16,male,brand,fortune,16.963739,-0.514806,0.025748
SYN_167,4,16,male,price,kothmale,48.673592,-0.585701,0.003985
SYN_167,5,16,male,brand,pelawatteyoghurt,21.72969,-0.41481,0.007146
SYN_168,1,14,male,price,krest,2.545974,0.157799,-0.15
SYN_168,2,14,male,brand,revello,8.903901,0.626191,-0.024134
SYN_168,3,14,male,brand,fortune,5.900926,0.079911,-0.006369
SYN_168,4,14,male,price,happycow,22.970911,-0.591521,0.040618
SYN_168,5,14,male,brand,highlandYoghurt,29.489124,-0.385526,0.026593
SYN_169,1,14,male,familiarity,goldi,3.840192,0.268544,0.050388
SYN_169,2,14,male,brand,kandos,2.168068,0.621538,0.060107
SYN_169,3,14,male,familiarity,Njoy,7.735175,-0.484625,-0.022774
SYN_169,4,14,male,brand,happycow,2.411345,-0.563467,0.03762
SYN_169,5,14,male,price,ambewelayoghurt,1.352253,0.50614,0.017627
SYN_170,1,36,Female,brand,goldi,14.272118,-0.3434,0.039662
SYN_170,2,36,Female,familiarity,cadbury,2.613854,0.403731,0.055253
SYN_170,3,36,Female,price,Njoy,8.731718,-0.37265,-0.055105
SYN_170,4,36,Female,price,kraft,2.646082,-0.581221,-0.037161
SYN_170,5,36,Female,familiarity,ambewelayoghurt,1.361522,0.45302,0.023792
SYN_171,1,48,male,brand,pussalla,9.033064,-0.062019,-0.010578
SYN_171,2,48,male,brand,cadbury,14.536519,0.610376,-0.006454
SYN_171,3,48,male,familiarity,fortune,4.683127,-0.505246,-0.073938
SYN_171,4,48,male,brand,ambewela,5.225716,0.32673,-0.038567
SYN_171,5,48,male,brand,highlandYoghurt,1.372478,-0.413893,-0.040334
SYN_172,1,14,male,brand,goldi,24.547954,-0.260356,-0.01397
SYN_172,2,14,male,brand,cadbury,7.678044,-0.297222,0.024428
SYN_172,3,14,male,brand,fortune,14.503944,-0.508862,0.007808
SYN_172,4,14,male,brand,kraft,52.104582,-0.563661,-0.050104
SYN_172,5,14,male,familiarity,pelawatteyoghurt,10.109796,0.211784,0.022565
SYN_173,1,31,male,brand,goldi,8.469375,-0.44537,0.043746
SYN_173,2,31,male,brand,revello,13.597782,-0.266119,0.029756
SYN_173,3,31,male,brand,Njoy,1.82334,-0.51241,-0.067611
SYN_173,4,31,male,familiarity,richlife,13.322165,0.601852,-0.034163
SYN_173,5,31,male,familiarity,highlandYoghurt,1.352262,-0.312591,-0.045761
SYN_174,1,14,Female,familiarity,pussalla,1.857217,-0.303748,-0.021707
SYN_174,2,14,Female,brand,cadbury,2.234918,0.626849,0.052901
SYN_174,3,14,Female,brand,fortune,1.925974,-0.443254,-0.01743
SYN_174,4,14,Female,price,ambewela,2.422687,-0.590264,0.004014
SYN_174,5,14,Female,price,pelawatteyoghurt,8.467744,0.513889,0.017497
SYN_175,1,14,Female,brand,goldi,11.417071,-0.439618,0.005534
SYN_175,2,14,Female,familiarity,cadbury,5.720986,0.174815,0.040099
SYN_175,3,14,Female,price,fortune,4.506647,-0.510796,0.019085
SYN_175,4,14,Female,brand,kraft,12.436327,-0.534588,-0.045757
SYN_175,5,14,Female,brand,pelawatteyoghurt,1.569121,-0.346408,0.011568
SYN_176,1,15,male,price,goldi,4.674673,-0.414888,0.052864
SYN_176,2,15,male,brand,cadbury,3.023711,0.334877,0.059969
SYN_176,3,15,male,brand,Njoy,5.327528,-0.128007,0.021581
SYN_176,4,15,male,price,kothmale,2.483296,-0.144952,0.043789
SYN_176,5,15,male,price,ambewelayoghurt,1.352505,-0.011977,0.006477
SYN_177,1,14,male,brand,krest,23.420502,-0.406901,-0.12098
SYN_177,2,14,male,brand,revello,19.433469,0.258234,-0.040372
SYN_177,3,14,male,familiarity,fortune,10.833037,-0.166717,-0.012004
SYN_177,4,14,male,brand,kothmale,51.60942,-0.090584,-0.043067
SYN_177,5,14,male,brand,anchoryoghurt,29.146039,-0.412126,-0.015604
SYN_178,1,47,Female,brand,elephanthouse,25.893729,-0.42811,0.054017
SYN_178,2,47,Female,brand,cadbury,8.309362,0.374544,0.047704
SYN_178,3,47,Female,brand,Njoy,13.991263,0.42634,-0.010001
SYN_178,4,47,Female,brand,kraft,2.78409,0.331759,-0.019527
SYN_178,5,47,Female,familiarity,pelawatteyoghurt,1.352482,-0.413696,-0.014772
SYN_179,1,27,Female,brand,krest,12.022955,-0.428514,0.046013
SYN_179,2,27,Female,brand,cadbury,6.864966,0.562459,0.009914
SYN_179,3,27,Female,brand,Njoy,2.281434,-0.329325,0.025056
SYN_179,4,27,Female,familiarity,kraft,3.530717,0.366426,-0.049209
SYN_179,5,27,Female,price,highlandYoghurt,1.352288,-0.414814,-0.032576
SYN_180,1,14,male,familiarity,goldi,1.85506,0.377452,0.049083
SYN_180,2,14,male,brand,kandos,2.635093,-0.102578,0.059977
SYN_180,3,14,male,familiarity,Njoy,4.351165,-0.389537,0.053704
SYN_180,4,14,male,price,ambewela,5.250389,-0.438722,0.063889
SYN_180,5,14,male,price,ambewelayoghurt,1.352225,-0.414815,0.018949
SYN_181,1,45,male,price,elephanthouse,10.562561,0.480556,-0.094383
SYN_181,2,45,male,brand,cadbury,7.222067,0.62677,-0.01521
SYN_181,3,45,male,familiarity,Njoy,14.718201,0.489826,0.014604
SYN_181,4,45,male,price,happycow,5.04798,-0.586601,-0.015319
SYN_181,5,45,male,brand,pelawatteyoghurt,19.229812,-0.414812,0.013177
SYN_182,1,14,male,familiarity,krest,11.825756,-0.189555,-0.044825
SYN_182,2,14,male,brand,cadbury,4.444727,0.617155,0.01684
SYN_182,3,14,male,brand,fortune,8.227446,-0.162393,0.022111
SYN_182,4,14,male,brand,ambewela,15.405384,-0.589827,-0.015585
SYN_182,5,14,male,brand,highlandYoghurt,18.811818,0.049347,0.023991
SYN_183,1,37,Female,price,unknown,16.83836,0.480556,0.032873
SYN_183,2,37,Female,brand,kandos,2.104236,0.626848,0.039848
SYN_183,3,37,Female,price,fortune,19.496919,0.31772,0.004882
SYN_183,4,37,Female,brand,happycow,2.409616,-0.591666,-0.025333
SYN_183,5,37,Female,brand,pelawatteyoghurt,1.352409,-0.413648,0.032389
SYN_184,1,14,Female,brand,goldi,6.677018,-0.44537,0.056295
SYN_184,2,14,Female,brand,cadbury,3.715846,-0.26852,0.058599
SYN_184,3,14,Female,brand,marina,1.974767,-0.341203,0.042874
SYN_184,4,14,Female,brand,richlife,4.816188,0.468628,-6.60E-05
SYN_184,5,14,Female,price,pelawatteyoghurt,1.352228,-0.376113,-0.006166
SYN_185,1,14,male,familiarity,goldi,4.639073,-0.433979,0.041451
SYN_185,2,14,male,brand,cadbury,2.078356,-0.252285,0.05941
SYN_185,3,14,male,price,Njoy,4.681299,-0.420386,0.040062
SYN_185,4,14,male,brand,kothmale,12.712,-0.591271,0.051825
SYN_185,5,14,male,familiarity,pelawatteyoghurt,1.353371,0.426286,0.034804
SYN_186,1,38,Female,price,pussalla,20.356856,0.379018,0.005909
SYN_186,2,38,Female,brand,cadbury,14.537473,0.626273,0.038413
SYN_186,3,38,Female,familiarity,fortune,26.350416,-0.496469,-0.062042
SYN_186,4,38,Female,brand,happycow,2.920346,-0.420553,-0.000528
SYN_186,5,38,Female,brand,highlandYoghurt,1.364184,-0.413013,-0.013295
SYN_187,1,16,Female,price,krest,32.112023,0.431196,-0.027058
SYN_187,2,16,Female,brand,cadbury,9.194156,0.626652,0.008007
SYN_187,3,16,Female,brand,fortune,30.685287,0.271044,-0.042854
SYN_187,4,16,Female,brand,ambewela,10.338763,-0.590143,-0.059447
SYN_187,5,16,Female,brand,highlandYoghurt,27.511953,0.498419,0.010224
SYN_188,1,15,Female,brand,elephanthouse,21.745914,-0.353646,0.055775
SYN_188,2,15,Female,brand,cadbury,2.183207,0.222327,0.054764
SYN_188,3,15,Female,price,fortune,9.503053,-0.411745,0.013753
SYN_188,4,15,Female,familiarity,kraft,3.131774,-0.581281,-0.037139
SYN_188,5,15,Female,familiarity,pelawatteyoghurt,1.352219,-0.260341,0.028509
SYN_189,1,22,male,price,unknown,11.922705,0.409695,-0.035387
SYN_189,2,22,male,brand,cadbury,2.803474,0.62651,0.00952
SYN_189,3,22,male,brand,Njoy,8.83798,0.122162,-0.047777
SYN_189,4,22,male,brand,ambewela,3.246964,-0.591239,-0.040047
SYN_189,5,22,male,familiarity,pelawatteyoghurt,7.16815,0.188311,0.023656
SYN_190,1,14,male,brand,krest,3.471772,-0.445343,-0.093677
SYN_190,2,14,male,brand,ritzbury,18.448237,-0.120892,-0.040539
SYN_190,3,14,male,familiarity,fortune,1.898713,-0.513709,0.018249
SYN_190,4,14,male,familiarity,kraft,50.908435,0.398009,0.009819
SYN_190,5,14,male,brand,anchoryoghurt,2.902697,-0.414815,-0.022955
SYN_191,1,15,male,price,goldi,10.656305,-0.312321,0.050916
SYN_191,2,15,male,brand,kandos,2.070712,-0.265436,0.056163
SYN_191,3,15,male,brand,marina,7.940076,-0.25296,0.016381
SYN_191,4,15,male,familiarity,ambewela,6.480783,-0.590877,0.038188
SYN_191,5,15,male,familiarity,pelawatteyoghurt,1.352219,-0.38403,0.034936
SYN_192,1,48,Female,brand,elephanthouse,8.993686,-0.444861,0.000646
SYN_192,2,48,Female,brand,revello,8.514128,0.597034,0.002059
SYN_192,3,48,Female,brand,Njoy,3.115056,-0.033751,-0.080507
SYN_192,4,48,Female,brand,kothmale,2.809838,0.24532,-0.012058
SYN_192,5,48,Female,brand,pelawatteyoghurt,1.625367,0.472043,-0.016482
SYN_193,1,26,male,brand,unknown,22.832179,-0.445353,-0.0896
SYN_193,2,26,male,brand,ritzbury,18.957447,-0.058841,-0.037942
SYN_193,3,26,male,brand,fortune,7.410517,-0.514651,-0.080443
SYN_193,4,26,male,familiarity,kraft,47.595337,0.008363,-0.045933
SYN_193,5,26,male,brand,highlandYoghurt,8.644074,0.209443,-0.011215
SYN_194,1,15,male,price,unknown,8.373688,0.480556,-0.15
SYN_194,2,15,male,brand,cadbury,16.151155,0.626847,-0.009866
SYN_194,3,15,male,familiarity,fortune,16.944639,0.440729,0.035136
SYN_194,4,15,male,price,happycow,19.135984,-0.587724,-0.026026
SYN_194,5,15,male,familiarity,pelawatteyoghurt,29.625614,-0.365186,-0.007819
SYN_195,1,14,male,brand,krest,3.223727,-0.33368,-0.030405
SYN_195,2,14,male,brand,cadbury,15.917383,-0.202056,0.022598
SYN_195,3,14,male,familiarity,fortune,4.652837,-0.514731,-0.005323
SYN_195,4,14,male,brand,kraft,48.962664,0.022779,0.047126
SYN_195,5,14,male,brand,highlandYoghurt,3.524641,-0.404649,-0.012455
SYN_196,1,14,Female,brand,krest,2.74827,0.480556,-0.134117
SYN_196,2,14,Female,brand,cadbury,18.510435,0.626607,-0.019615
SYN_196,3,14,Female,brand,fortune,9.439063,-0.514348,-0.025408
SYN_196,4,14,Female,brand,ambewela,29.307833,-0.584832,0.007568
SYN_196,5,14,Female,brand,highlandYoghurt,28.417395,-0.41394,-0.013101
SYN_197,1,15,male,price,unknown,5.910387,0.480556,0.047095
SYN_197,2,15,male,price,kandos,5.711712,-0.179219,0.04711
SYN_197,3,15,male,familiarity,marina,7.257976,-0.424938,0.038765
SYN_197,4,15,male,familiarity,kothmale,28.349533,0.120668,0.024358
SYN_197,5,15,male,price,highlandYoghurt,1.352722,-0.414774,-0.013815
SYN_198,1,14,male,price,krest,2.069238,0.089049,-0.142487
SYN_198,2,14,male,brand,revello,5.710631,0.619509,-0.016166
SYN_198,3,14,male,price,fortune,3.416549,-0.501183,-0.014035
SYN_198,4,14,male,brand,ambewela,35.166585,-0.591665,0.025418
SYN_198,5,14,male,brand,highlandYoghurt,29.309637,0.19334,0.030442
SYN_199,1,49,Female,brand,krest,31.323946,0.480556,0.0354
SYN_199,2,49,Female,price,cadbury,2.915111,0.37946,-0.019551
SYN_199,3,49,Female,price,Njoy,30.373535,0.513693,-0.038602
SYN_199,4,49,Female,familiarity,kraft,10.480137,-0.591539,-0.049394
SYN_199,5,49,Female,brand,pelawatteyoghurt,1.361318,-0.414799,0.032528
